[
    {
        "sides": [
            [
                "Adrian Waters"
            ],
            [
                "KC Shore"
            ]
        ],
        "match_time": "14:14",
        "match_championship": "",
        "winning_side_index": 1,
        "individual_results": {
            "Adrian Waters": "Loss",
            "KC Shore": "Win"
        },
        "team_results": {},
        "sync_teams_to_individuals": true,
        "match_result": "Side 2 (KC Shore) wins",
        "winner_method": "submission",
        "match_result_display": "KC Shore def. Adrian Waters by submission (14:14)",
        "match_visibility": {
            "hide_from_card": false,
            "hide_summary": false,
            "hide_result": false
        },
        "warnings": [],
        "match_class": "singles",
        "segment_position": 1,
        "match_id": "11ef67c8-ee5c-4488-aa8c-8e1211ba0272"
    }
]