[
    {
        "position": 1,
        "type": "Match",
        "header": "Singles Match",
        "participants_display": "Fitzgerald vs Lenny Dennis",
        "sides": [
            [
                "Fitzgerald"
            ],
            [
                "Lenny Dennis"
            ]
        ],
        "match_result": "Side 1 (Fitzgerald) wins",
        "match_result_display": "Fitzgerald def. Lenny Dennis by pinfall (03:23)",
        "match_id": "399e4429-c9a9-45eb-8654-b0c59dba17a2",
        "summary_file": "/home/gary/wma/includes/tmp/mayhem-1/match_singles-match_1.md"
    },
    {
        "position": 2,
        "type": "Match",
        "header": "Singles Match",
        "participants_display": "Don Real vs Rick Walker",
        "sides": [
            [
                "Don Real"
            ],
            [
                "Rick Walker"
            ]
        ],
        "match_result": "Side 2 (Rick Walker) wins",
        "match_result_display": "Rick Walker def. Don Real by pinfall (03:04)",
        "match_id": "ef8e0f9e-5904-460b-886a-7c33b607de02",
        "summary_file": "/home/gary/wma/includes/tmp/mayhem-1/match_singles-match_2.md"
    },
    {
        "position": 3,
        "type": "Match",
        "header": "Singles Match",
        "participants_display": "Extreme Randy vs Jim Brady",
        "sides": [
            [
                "Extreme Randy"
            ],
            [
                "Jim Brady"
            ]
        ],
        "match_result": "Side 2 (Jim Brady) wins",
        "match_result_display": "Jim Brady def. Extreme Randy by pinfall (05:49)",
        "match_id": "9f8b91d7-fa1b-4703-a6ef-c53dc597cb2f",
        "summary_file": "/home/gary/wma/includes/tmp/mayhem-1/match_singles-match_3.md"
    },
    {
        "position": 4,
        "type": "Match",
        "header": "Tag-Team Match",
        "participants_display": "The Mad Dogs vs Chris Baer, Eric Baer",
        "sides": [
            [
                "Mad Dog Bark",
                " Mad Dog Bite"
            ],
            [
                "Chris Baer",
                "Eric Baer"
            ]
        ],
        "match_result": "Side 1 (Mad Dog Bark,  Mad Dog Bite) wins",
        "match_result_display": "The Mad Dogs (Mad Dog Bark,  Mad Dog Bite) def. Chris Baer, Eric Baer by pinfall (00:48)",
        "match_id": "c34f3907-6c05-4d83-b25a-67aaa62fec7c",
        "summary_file": "/home/gary/wma/includes/tmp/mayhem-1/match_tag-team-match_4.md"
    },
    {
        "position": 5,
        "type": "Promo",
        "header": "",
        "summary_file": "/home/gary/wma/includes/tmp/mayhem-1/promo_no-header_5.md"
    },
    {
        "position": 6,
        "type": "Match",
        "header": "Singles Match",
        "participants_display": "Amy D vs Mandy Matthews",
        "sides": [
            [
                "Amy D"
            ],
            [
                "Mandy Matthews"
            ]
        ],
        "match_result": "Side 2 (Mandy Matthews) wins",
        "match_result_display": "Mandy Matthews def. Amy D by submission (06:44)",
        "match_id": "64169b6c-f9a9-4f08-8a94-021ce7783ff2",
        "summary_file": "/home/gary/wma/includes/tmp/mayhem-1/match_singles-match_6.md"
    },
    {
        "position": 7,
        "type": "Interview",
        "header": "Mad Dogs",
        "summary_file": "/home/gary/wma/includes/tmp/mayhem-1/interview_mad-dogs_7.md"
    },
    {
        "position": 8,
        "type": "Match",
        "header": "Singles Match",
        "match_id": "be3228b9-e18d-4553-94a9-77c6e374d3c5",
        "participants_display": "Apalachi vs Tom Ham",
        "sides": [
            [
                "Apalachi"
            ],
            [
                "Tom Ham"
            ]
        ],
        "match_result": "Side 1 (Apalachi) wins",
        "match_result_display": "Apalachi def. Tom Ham by pinfall (03:11)",
        "summary_file": "/home/gary/wma/includes/tmp/mayhem-1/match_singles-match_8.md"
    },
    {
        "position": 9,
        "type": "Promo",
        "header": "",
        "summary_file": "/home/gary/wma/includes/tmp/mayhem-1/promo_no-header_9.md"
    },
    {
        "position": 10,
        "type": "Match",
        "header": "Singles Match",
        "match_id": "f9afdc52-b55a-4d21-bfb8-a4ebca569cdb",
        "participants_display": "Anastasia Phoenix vs Autumn Chambers",
        "sides": [
            [
                "Anastasia Phoenix"
            ],
            [
                "Autumn Chambers"
            ]
        ],
        "match_result": "Side 1 (Anastasia Phoenix) wins",
        "match_result_display": "Anastasia Phoenix def. Autumn Chambers by pinfall (14:24)",
        "summary_file": "/home/gary/wma/includes/tmp/mayhem-1/match_singles-match_10.md"
    },
    {
        "position": 11,
        "type": "Interview",
        "header": "",
        "summary_file": "/home/gary/wma/includes/tmp/mayhem-1/interview_no-header_11.md"
    },
    {
        "position": 12,
        "type": "Match",
        "header": "Women's 3-Way Match",
        "match_id": "a55ee0f1-29d2-4d36-8f22-5ee7d7e732ba",
        "participants_display": "Amber Sloane vs Apryl Raser vs Kiara Haddad",
        "sides": [
            [
                "Amber Sloane"
            ],
            [
                "Apryl Raser"
            ],
            [
                "Kiara Haddad"
            ]
        ],
        "match_result": "Side 3 (Kiara Haddad) wins",
        "match_result_display": "Kiara Haddad def. Amber Sloane, Apryl Raser by pinfall (10:45)",
        "summary_file": "/home/gary/wma/includes/tmp/mayhem-1/match_womens-3-way-match_12.md"
    },
    {
        "position": 13,
        "type": "Interview",
        "header": "Fox Too Sweet",
        "summary_file": "/home/gary/wma/includes/tmp/mayhem-1/interview_fox-too-sweet_13.md"
    },
    {
        "position": 14,
        "type": "Match",
        "header": "6-Way Match",
        "match_id": "6ce87a32-3f0d-43e4-8e00-e911373db100",
        "participants_display": "Fox Kelly vs Frank Roberts vs Jamey Kingston vs Joe Shore vs Payne vs TJ Valentine",
        "sides": [
            [
                "Fox Kelly"
            ],
            [
                "Frank Roberts"
            ],
            [
                "Jamey Kingston"
            ],
            [
                "Joe Shore"
            ],
            [
                "Payne"
            ],
            [
                "TJ Valentine"
            ]
        ],
        "match_result": "Side 3 (Jamey Kingston) wins",
        "match_result_display": "Jamey Kingston def. Fox Kelly, Frank Roberts, Joe Shore, Payne, TJ Valentine by pinfall (15:14)",
        "summary_file": "/home/gary/wma/includes/tmp/mayhem-1/match_6-way-match_14.md"
    },
    {
        "position": 15,
        "type": "Interview",
        "header": "",
        "summary_file": "/home/gary/wma/includes/tmp/mayhem-1/interview_no-header_15.md"
    },
    {
        "position": 16,
        "type": "Match",
        "header": "Main Event - Tag-Team Match",
        "match_id": "860a022d-074d-4b77-8f3a-4e87f66c1194",
        "participants_display": "The Happy Faces vs Sacred Dragons",
        "sides": [
            [
                "Happy Jack",
                " Happy Sam"
            ],
            [
                "Purple Rime",
                "Red Mist"
            ]
        ],
        "match_result": "Side 1 (Happy Jack,  Happy Sam) wins",
        "match_result_display": "The Happy Faces (Happy Jack,  Happy Sam) def. Sacred Dragons (Purple Rime, Red Mist) by disqualification (18:41)",
        "summary_file": "/home/gary/wma/includes/tmp/mayhem-1/match_main-event-tag-team-match_16.md"
    }
]