[
    {
        "participants_display": "Dana Diamond vs Amy D",
        "sides": [
            [
                "Dana Diamond"
            ],
            [
                "Amy D"
            ]
        ],
        "match_time": "04:35",
        "match_championship": "",
        "match_class": "singles",
        "winning_side_index": 0,
        "individual_results": {
            "Dana Diamond": "Win",
            "Amy D": "Loss"
        },
        "team_results": {},
        "sync_teams_to_individuals": true,
        "match_result": "Side 1 (Dana Diamond) wins",
        "winner_method": "pinfall",
        "match_result_display": "Dana Diamond def. Amy D by pinfall (04:35)",
        "match_visibility": {
            "hide_from_card": true,
            "hide_summary": true,
            "hide_result": false
        },
        "warnings": [],
        "segment_position": 1,
        "match_id": "d731fd1c-8954-4971-a0ef-e97724435e45"
    },
    {
        "participants_display": "Arsen vs Tammy Terrel",
        "sides": [
            [
                "Arsen"
            ],
            [
                "Tammy Terrel"
            ]
        ],
        "match_time": "06:22",
        "match_championship": "",
        "match_class": "singles",
        "winning_side_index": 0,
        "individual_results": {
            "Arsen": "Win",
            "Tammy Terrel": "Loss"
        },
        "team_results": {},
        "sync_teams_to_individuals": true,
        "match_result": "Side 1 (Arsen) wins",
        "winner_method": "submission",
        "match_result_display": "Arsen def. Tammy Terrel by submission (06:22)",
        "match_visibility": {
            "hide_from_card": true,
            "hide_summary": true,
            "hide_result": false
        },
        "warnings": [],
        "segment_position": 2,
        "match_id": "12eb0e74-2b24-45f2-8278-431ebd5b629e"
    },
    {
        "participants_display": "Kiara Haddad vs Heather Kent",
        "sides": [
            [
                "Kiara Haddad"
            ],
            [
                "Heather Kent"
            ]
        ],
        "match_time": "03:40",
        "match_championship": "",
        "match_class": "singles",
        "winning_side_index": 0,
        "individual_results": {
            "Kiara Haddad": "Win",
            "Heather Kent": "Loss"
        },
        "team_results": {},
        "sync_teams_to_individuals": true,
        "match_result": "Side 1 (Kiara Haddad) wins",
        "winner_method": "pinfall",
        "match_result_display": "Kiara Haddad def. Heather Kent by pinfall (03:40)",
        "match_visibility": {
            "hide_from_card": true,
            "hide_summary": true,
            "hide_result": false
        },
        "warnings": [],
        "segment_position": 3,
        "match_id": "679c519a-957d-4b5f-81a7-58fcf223e505"
    },
    {
        "participants_display": "Las Chicas Viciosas vs Erika Lewis, Marie Ross",
        "sides": [
            [
                "Elena Sanchez",
                "Rita Gomez"
            ],
            [
                "Erika Lewis",
                "Marie Ross"
            ]
        ],
        "match_time": "02:32",
        "match_championship": "",
        "match_class": "tag",
        "winning_side_index": 0,
        "individual_results": {
            "Elena Sanchez": "Win",
            "Erika Lewis": "Loss",
            "Marie Ross": "Loss",
            "Rita Gomez": "Win"
        },
        "team_results": {
            "Las Chicas Viciosas": "Win"
        },
        "sync_teams_to_individuals": true,
        "match_result": "Side 1 (Elena Sanchez, Rita Gomez) wins",
        "winner_method": "pinfall",
        "match_result_display": "Las Chicas Viciosas (Elena Sanchez, Rita Gomez) def. Erika Lewis, Marie Ross by pinfall (02:32)",
        "match_visibility": {
            "hide_from_card": false,
            "hide_summary": false,
            "hide_result": false
        },
        "warnings": [],
        "segment_position": 4,
        "match_id": "43a27618-c869-487b-9ec2-e99f5f6b24f1"
    },
    {
        "participants_display": "Allison Katt vs Apryl Raser vs Autumn Chambers",
        "sides": [
            [
                "Allison Katt"
            ],
            [
                "Apryl Raser"
            ],
            [
                "Autumn Chambers"
            ]
        ],
        "match_time": "10:51",
        "match_championship": "",
        "match_class": "singles",
        "winning_side_index": 2,
        "individual_results": {
            "Allison Katt": "Loss",
            "Apryl Raser": "No Contest",
            "Autumn Chambers": "Win"
        },
        "team_results": {},
        "sync_teams_to_individuals": true,
        "match_result": "Side 3 (Autumn Chambers) wins",
        "winner_method": "pinfall",
        "match_result_display": "Autumn Chambers def. Allison Katt, Apryl Raser by pinfall (10:51)",
        "match_visibility": {
            "hide_from_card": false,
            "hide_summary": false,
            "hide_result": false
        },
        "warnings": [],
        "segment_position": 5,
        "match_id": "2da02767-8104-434d-804b-dc751e79281c"
    },
    {
        "participants_display": "The Hooligans vs The Texas Badlanders",
        "sides": [
            [
                "Jason Walker",
                "Mike Wilson"
            ],
            [
                "Frank Roberts",
                " Bill McGraw"
            ]
        ],
        "match_time": "08:45",
        "match_championship": "",
        "match_class": "tag",
        "winning_side_index": 1,
        "individual_results": {
            "Frank Roberts": "Win",
            "Jason Walker": "Loss",
            "Mike Wilson": "Loss",
            " Bill McGraw": "Win"
        },
        "team_results": {
            "The Hooligans": "Loss",
            "The Texas Badlanders": "Win"
        },
        "sync_teams_to_individuals": true,
        "match_result": "Side 2 (Frank Roberts,  Bill McGraw) wins",
        "winner_method": "pinfall",
        "match_result_display": "The Texas Badlanders (Frank Roberts,  Bill McGraw) def. The Hooligans (Jason Walker, Mike Wilson) by pinfall (08:45)",
        "match_visibility": {
            "hide_from_card": false,
            "hide_summary": false,
            "hide_result": false
        },
        "warnings": [],
        "segment_position": 6,
        "match_id": "9a331076-06f8-4153-80d3-8e6c99d44bb8"
    },
    {
        "participants_display": "The Mad Dogs vs The Pumas",
        "sides": [
            [
                "Mad Dog Bark",
                " Mad Dog Bite"
            ],
            [
                "Killian Brady",
                "Noah Brady"
            ]
        ],
        "match_time": "16:09",
        "match_championship": "",
        "match_class": "tag",
        "winning_side_index": 0,
        "individual_results": {
            "Killian Brady": "Loss",
            "Mad Dog Bark": "Win",
            "Noah Brady": "Loss",
            " Mad Dog Bite": "Win"
        },
        "team_results": {
            "The Mad Dogs": "Win",
            "The Pumas": "Loss"
        },
        "sync_teams_to_individuals": true,
        "match_result": "Side 1 (Mad Dog Bark,  Mad Dog Bite) wins",
        "winner_method": "pinfall",
        "match_result_display": "The Mad Dogs (Mad Dog Bark,  Mad Dog Bite) def. The Pumas (Killian Brady, Noah Brady) by pinfall (16:09)",
        "match_visibility": {
            "hide_from_card": false,
            "hide_summary": false,
            "hide_result": false
        },
        "warnings": [],
        "segment_position": 7,
        "match_id": "9937ee54-81b1-47d6-806f-0a962e8a6dad"
    },
    {
        "participants_display": "Apalachi vs KC Shore",
        "sides": [
            [
                "Apalachi"
            ],
            [
                "KC Shore"
            ]
        ],
        "match_time": "07:18",
        "match_championship": "",
        "match_class": "singles",
        "winning_side_index": 1,
        "individual_results": {
            "Apalachi": "Loss",
            "KC Shore": "Win"
        },
        "team_results": {},
        "sync_teams_to_individuals": true,
        "match_result": "Side 2 (KC Shore) wins",
        "winner_method": "pinfall",
        "match_result_display": "KC Shore def. Apalachi by pinfall (07:18)",
        "match_visibility": {
            "hide_from_card": false,
            "hide_summary": false,
            "hide_result": false
        },
        "warnings": [],
        "segment_position": 8,
        "match_id": "3e1ea6dc-3f0c-4185-bbe8-4fdd94d4eb38"
    },
    {
        "participants_display": "Jamey Kingston vs Jim Brady",
        "sides": [
            [
                "Jamey Kingston"
            ],
            [
                "Jim Brady"
            ]
        ],
        "match_time": "12:26",
        "match_championship": "",
        "match_class": "singles",
        "winning_side_index": 0,
        "individual_results": {
            "Jamey Kingston": "Win",
            "Jim Brady": "Loss"
        },
        "team_results": {},
        "sync_teams_to_individuals": true,
        "match_result": "Side 1 (Jamey Kingston) wins",
        "winner_method": "pinfall",
        "match_result_display": "Jamey Kingston def. Jim Brady by pinfall (12:26)",
        "match_visibility": {
            "hide_from_card": false,
            "hide_summary": false,
            "hide_result": false
        },
        "warnings": [],
        "segment_position": 9,
        "match_id": "213cfdf1-b74b-4c0c-9e28-a274f1d199e7"
    },
    {
        "participants_display": "Alexi Chambers, Scott Ashton vs Rick Walker, TJ Valentine",
        "sides": [
            [
                "Alexi Chambers",
                "Scott Ashton"
            ],
            [
                "Rick Walker",
                "TJ Valentine"
            ]
        ],
        "match_time": "11:19",
        "match_championship": "",
        "match_class": "singles",
        "winning_side_index": 0,
        "individual_results": {
            "Alexi Chambers": "Win",
            "Scott Ashton": "Win",
            "Rick Walker": "Loss",
            "TJ Valentine": "Loss"
        },
        "team_results": {},
        "sync_teams_to_individuals": true,
        "match_result": "Side 1 (Alexi Chambers, Scott Ashton) wins",
        "winner_method": "pinfall",
        "match_result_display": "Alexi Chambers, Scott Ashton def. Rick Walker, TJ Valentine by pinfall (11:19)",
        "match_visibility": {
            "hide_from_card": false,
            "hide_summary": false,
            "hide_result": false
        },
        "warnings": [],
        "segment_position": 10,
        "match_id": "9df05e47-a922-4110-aefa-11d49c1b2a2e"
    }
]