[
    {
        "participants_display": "Ranger Ross vs Bill Long",
        "sides": [
            [
                "Ranger Ross"
            ],
            [
                "Bill Long"
            ]
        ],
        "match_time": "03:04",
        "match_championship": "",
        "match_class": "singles",
        "winning_side_index": 0,
        "individual_results": {
            "Bill Long": "Loss",
            "Ranger Ross": "Win"
        },
        "team_results": {},
        "sync_teams_to_individuals": true,
        "match_result": "Side 1 (Ranger Ross) wins",
        "winner_method": "submission",
        "match_result_display": "Ranger Ross def. Bill Long by submission (03:04)",
        "match_visibility": {
            "hide_from_card": true,
            "hide_summary": true,
            "hide_result": false
        },
        "warnings": [],
        "segment_position": 1,
        "match_id": "4f09e162-61bd-475e-82e9-90729a429326"
    },
    {
        "participants_display": "Jessica James vs Mackenzie Henson",
        "sides": [
            [
                "Jessica James"
            ],
            [
                "Mackenzie Henson"
            ]
        ],
        "match_time": "09:21",
        "match_championship": "",
        "match_class": "singles",
        "winning_side_index": 0,
        "individual_results": {
            "Jessica James": "Win",
            "Mackenzie Henson": "Loss"
        },
        "team_results": {},
        "sync_teams_to_individuals": true,
        "match_result": "Side 1 (Jessica James) wins",
        "winner_method": "pinfall",
        "match_result_display": "Jessica James def. Mackenzie Henson by pinfall (09:21)",
        "match_visibility": {
            "hide_from_card": true,
            "hide_summary": true,
            "hide_result": false
        },
        "warnings": [],
        "segment_position": 2,
        "match_id": "1af3587f-c7f5-4c8b-9a24-fd43cf172d83"
    },
    {
        "participants_display": "Anastasia Phoenix, Dana Diamond vs Cora Quinn, Marie Ross",
        "sides": [
            [
                "Anastasia Phoenix",
                "Dana Diamond"
            ],
            [
                "Cora Quinn",
                "Marie Ross"
            ]
        ],
        "match_time": "04:12",
        "match_championship": "",
        "match_class": "handicap",
        "winning_side_index": 0,
        "individual_results": {
            "Cora Quinn": "Loss",
            "Marie Ross": "Loss",
            "Anastasia Phoenix": "Win",
            "Dana Diamond": "Win"
        },
        "team_results": {},
        "sync_teams_to_individuals": true,
        "match_result": "Side 1 (Anastasia Phoenix, Dana Diamond) wins",
        "winner_method": "pinfall",
        "match_result_display": "Anastasia Phoenix, Dana Diamond def. Cora Quinn, Marie Ross by pinfall (04:12)",
        "match_visibility": {
            "hide_from_card": true,
            "hide_summary": true,
            "hide_result": false
        },
        "warnings": [],
        "segment_position": 3,
        "match_id": "6de3df86-db51-4d65-a17e-e35fe7c770de"
    },
    {
        "participants_display": "Jamey Kingston vs Joe Shore",
        "sides": [
            [
                "Jamey Kingston"
            ],
            [
                "Joe Shore"
            ]
        ],
        "match_time": "07:53",
        "match_championship": "",
        "match_class": "singles",
        "winning_side_index": 0,
        "individual_results": {
            "Jamey Kingston": "Win",
            "Joe Shore": "Loss"
        },
        "team_results": {},
        "sync_teams_to_individuals": true,
        "match_result": "Side 1 (Jamey Kingston) wins",
        "winner_method": "pinfall",
        "match_result_display": "Jamey Kingston def. Joe Shore by pinfall (07:53)",
        "match_visibility": {
            "hide_from_card": false,
            "hide_summary": false,
            "hide_result": false
        },
        "warnings": [],
        "segment_position": 6,
        "match_id": "b4eb99eb-b86e-4230-aa72-8443b6d94074"
    },
    {
        "participants_display": "Fitzgerald vs Alexi Chambers",
        "sides": [
            [
                "Fitzgerald"
            ],
            [
                "Alexi Chambers"
            ]
        ],
        "match_time": "05:59",
        "match_championship": "",
        "match_class": "singles",
        "winning_side_index": 1,
        "individual_results": {
            "Alexi Chambers": "Win",
            "Fitzgerald": "Loss"
        },
        "team_results": {},
        "sync_teams_to_individuals": true,
        "match_result": "Side 2 (Alexi Chambers) wins",
        "winner_method": "pinfall",
        "match_result_display": "Alexi Chambers def. Fitzgerald by pinfall (05:59)",
        "match_visibility": {
            "hide_from_card": false,
            "hide_summary": false,
            "hide_result": false
        },
        "warnings": [],
        "segment_position": 7,
        "match_id": "2e4707c5-3355-4110-b182-5e56eab0afb9"
    },
    {
        "participants_display": "Adrenaline vs Las Chicas Viciosas",
        "sides": [
            [
                "Candice Whitehall",
                " Gina Cook"
            ],
            [
                "Elena Sanchez",
                "Rita Gomez"
            ]
        ],
        "match_time": "08:49",
        "match_championship": "",
        "match_class": "tag",
        "winning_side_index": 1,
        "individual_results": {
            "Candice Whitehall": "Loss",
            "Elena Sanchez": "Win",
            "Rita Gomez": "Win",
            " Gina Cook": "Loss"
        },
        "team_results": {
            "Adrenaline": "Loss",
            "Las Chicas Viciosas": "Win"
        },
        "sync_teams_to_individuals": true,
        "match_result": "Side 2 (Elena Sanchez, Rita Gomez) wins",
        "winner_method": "pinfall",
        "match_result_display": "Las Chicas Viciosas (Elena Sanchez, Rita Gomez) def. Adrenaline (Candice Whitehall,  Gina Cook) by pinfall (08:49)",
        "match_visibility": {
            "hide_from_card": false,
            "hide_summary": false,
            "hide_result": false
        },
        "warnings": [],
        "segment_position": 8,
        "match_id": "c1ac0cbe-6946-4a0f-8881-b18dc935bd5e"
    },
    {
        "participants_display": "TJ Valentine vs Michael King",
        "sides": [
            [
                "TJ Valentine"
            ],
            [
                "Michael King"
            ]
        ],
        "match_time": "10:17",
        "match_championship": "",
        "match_class": "singles",
        "winning_side_index": 0,
        "individual_results": {
            "Michael King": "Loss",
            "TJ Valentine": "Win"
        },
        "team_results": {},
        "sync_teams_to_individuals": true,
        "match_result": "Side 1 (TJ Valentine) wins",
        "winner_method": "pinfall",
        "match_result_display": "TJ Valentine def. Michael King by pinfall (10:17)",
        "match_visibility": {
            "hide_from_card": false,
            "hide_summary": false,
            "hide_result": false
        },
        "warnings": [],
        "segment_position": 9,
        "match_id": "544fb5d6-574f-4790-b8b4-2416292c1e3a"
    },
    {
        "participants_display": "Jim Brady vs Scott Ashton",
        "sides": [
            [
                "Jim Brady"
            ],
            [
                "Scott Ashton"
            ]
        ],
        "match_time": "09:16",
        "match_championship": "",
        "match_class": "singles",
        "winning_side_index": 0,
        "individual_results": {
            "Jim Brady": "Win",
            "Scott Ashton": "Loss"
        },
        "team_results": {},
        "sync_teams_to_individuals": true,
        "match_result": "Side 1 (Jim Brady) wins",
        "winner_method": "pinfall",
        "match_result_display": "Jim Brady def. Scott Ashton by pinfall (09:16)",
        "match_visibility": {
            "hide_from_card": false,
            "hide_summary": false,
            "hide_result": false
        },
        "warnings": [],
        "segment_position": 10,
        "match_id": "4a7e151c-45e4-4804-8328-bf897d79dde3"
    },
    {
        "participants_display": "The Mad Dogs vs The Texas Badlanders",
        "sides": [
            [
                "Mad Dog Bark",
                " Mad Dog Bite"
            ],
            [
                "Frank Roberts",
                " Bill McGraw"
            ]
        ],
        "match_time": "08:36",
        "match_championship": "WMA World Tag-Team Championship",
        "match_class": "singles",
        "winning_side_index": 0,
        "individual_results": {
            " Bill McGraw": "Loss",
            " Mad Dog Bite": "Win",
            "Frank Roberts": "Loss",
            "Mad Dog Bark": "Win"
        },
        "team_results": {
            "The Mad Dogs": "Win",
            "The Texas Badlanders": "Loss"
        },
        "sync_teams_to_individuals": true,
        "match_result": "Side 1 (Mad Dog Bark,  Mad Dog Bite) wins",
        "winner_method": "pinfall",
        "match_result_display": "The Mad Dogs (Mad Dog Bark,  Mad Dog Bite) def. The Texas Badlanders (Frank Roberts,  Bill McGraw) by pinfall to win the WMA World Tag-Team Championship (08:36)",
        "match_visibility": {
            "hide_from_card": false,
            "hide_summary": false,
            "hide_result": false
        },
        "warnings": [],
        "segment_position": 11,
        "match_id": "05e8d7b4-e8a3-44ae-9a16-18bcd7400efa"
    }
]