[
    {
        "position": 1,
        "type": "Match",
        "header": "Dark Match",
        "participants_display": "Dana Diamond vs Amy D",
        "sides": [
            [
                "Dana Diamond"
            ],
            [
                "Amy D"
            ]
        ],
        "match_result": "Side 1 (Dana Diamond) wins",
        "match_result_display": "Dana Diamond def. Amy D by pinfall (04:35)",
        "match_id": "d731fd1c-8954-4971-a0ef-e97724435e45",
        "summary_file": "/home/gary/wma/includes/tmp/mayhem-3/match_dark-match.md"
    },
    {
        "position": 2,
        "type": "Match",
        "header": "Dark Match",
        "participants_display": "Arsen vs Tammy Terrel",
        "sides": [
            [
                "Arsen"
            ],
            [
                "Tammy Terrel"
            ]
        ],
        "match_result": "Side 1 (Arsen) wins",
        "match_result_display": "Arsen def. Tammy Terrel by submission (06:22)",
        "match_id": "12eb0e74-2b24-45f2-8278-431ebd5b629e",
        "summary_file": "/home/gary/wma/includes/tmp/mayhem-3/match_dark-match.md"
    },
    {
        "position": 3,
        "type": "Match",
        "header": "Dark Match",
        "participants_display": "Kiara Haddad vs Heather Kent",
        "sides": [
            [
                "Kiara Haddad"
            ],
            [
                "Heather Kent"
            ]
        ],
        "match_result": "Side 1 (Kiara Haddad) wins",
        "match_result_display": "Kiara Haddad def. Heather Kent by pinfall (03:40)",
        "match_id": "679c519a-957d-4b5f-81a7-58fcf223e505",
        "summary_file": "/home/gary/wma/includes/tmp/mayhem-3/match_dark-match.md"
    },
    {
        "position": 4,
        "type": "Match",
        "header": "Tag-Team Match",
        "participants_display": "Las Chicas Viciosas vs Erika Lewis, Marie Ross",
        "sides": [
            [
                "Elena Sanchez",
                "Rita Gomez"
            ],
            [
                "Erika Lewis",
                "Marie Ross"
            ]
        ],
        "match_result": "Side 1 (Elena Sanchez, Rita Gomez) wins",
        "match_result_display": "Las Chicas Viciosas (Elena Sanchez, Rita Gomez) def. Erika Lewis, Marie Ross by pinfall (02:32)",
        "match_id": "43a27618-c869-487b-9ec2-e99f5f6b24f1",
        "summary_file": "/home/gary/wma/includes/tmp/mayhem-3/match_tag-team-match_4.md"
    },
    {
        "position": 5,
        "type": "Match",
        "header": "Women 3-Way Match",
        "participants_display": "Allison Katt vs Apryl Raser vs Autumn Chambers",
        "sides": [
            [
                "Allison Katt"
            ],
            [
                "Apryl Raser"
            ],
            [
                "Autumn Chambers"
            ]
        ],
        "match_result": "Side 3 (Autumn Chambers) wins",
        "match_result_display": "Autumn Chambers def. Allison Katt, Apryl Raser by pinfall (10:51)",
        "match_id": "2da02767-8104-434d-804b-dc751e79281c",
        "summary_file": "/home/gary/wma/includes/tmp/mayhem-3/match_women-3-way-match_5.md"
    },
    {
        "position": 6,
        "type": "Match",
        "header": "Tag-Team Match",
        "participants_display": "The Hooligans vs The Texas Badlanders",
        "sides": [
            [
                "Jason Walker",
                "Mike Wilson"
            ],
            [
                "Frank Roberts",
                " Bill McGraw"
            ]
        ],
        "match_result": "Side 2 (Frank Roberts,  Bill McGraw) wins",
        "match_result_display": "The Texas Badlanders (Frank Roberts,  Bill McGraw) def. The Hooligans (Jason Walker, Mike Wilson) by pinfall (08:45)",
        "match_id": "9a331076-06f8-4153-80d3-8e6c99d44bb8",
        "summary_file": "/home/gary/wma/includes/tmp/mayhem-3/match_tag-team-match_6.md"
    },
    {
        "position": 7,
        "type": "Match",
        "header": "Tag-Team Match",
        "participants_display": "The Mad Dogs vs The Pumas",
        "sides": [
            [
                "Mad Dog Bark",
                " Mad Dog Bite"
            ],
            [
                "Killian Brady",
                "Noah Brady"
            ]
        ],
        "match_result": "Side 1 (Mad Dog Bark,  Mad Dog Bite) wins",
        "match_result_display": "The Mad Dogs (Mad Dog Bark,  Mad Dog Bite) def. The Pumas (Killian Brady, Noah Brady) by pinfall (16:09)",
        "match_id": "9937ee54-81b1-47d6-806f-0a962e8a6dad",
        "summary_file": "/home/gary/wma/includes/tmp/mayhem-3/match_tag-team-match_7.md"
    },
    {
        "position": 8,
        "type": "Match",
        "header": "Singles Match",
        "participants_display": "Apalachi vs KC Shore",
        "sides": [
            [
                "Apalachi"
            ],
            [
                "KC Shore"
            ]
        ],
        "match_result": "Side 2 (KC Shore) wins",
        "match_result_display": "KC Shore def. Apalachi by pinfall (07:18)",
        "match_id": "3e1ea6dc-3f0c-4185-bbe8-4fdd94d4eb38",
        "summary_file": "/home/gary/wma/includes/tmp/mayhem-3/match_singles-match_8.md"
    },
    {
        "position": 9,
        "type": "Match",
        "header": "Singles Match",
        "participants_display": "Jamey Kingston vs Jim Brady",
        "sides": [
            [
                "Jamey Kingston"
            ],
            [
                "Jim Brady"
            ]
        ],
        "match_result": "Side 1 (Jamey Kingston) wins",
        "match_result_display": "Jamey Kingston def. Jim Brady by pinfall (12:26)",
        "match_id": "213cfdf1-b74b-4c0c-9e28-a274f1d199e7",
        "summary_file": "/home/gary/wma/includes/tmp/mayhem-3/match_singles-match_9.md"
    },
    {
        "position": 10,
        "type": "Match",
        "header": "Main Event - Tag-Team Match",
        "participants_display": "Alexi Chambers, Scott Ashton vs Rick Walker, TJ Valentine",
        "sides": [
            [
                "Alexi Chambers",
                "Scott Ashton"
            ],
            [
                "Rick Walker",
                "TJ Valentine"
            ]
        ],
        "match_result": "Side 1 (Alexi Chambers, Scott Ashton) wins",
        "match_result_display": "Alexi Chambers, Scott Ashton def. Rick Walker, TJ Valentine by pinfall (11:19)",
        "match_id": "9df05e47-a922-4110-aefa-11d49c1b2a2e",
        "summary_file": "/home/gary/wma/includes/tmp/mayhem-3/match_main-event-tag-team-match_10.md"
    }
]