[
    {
        "id": "mayhem-33-match-1",
        "sides": [
            {
                "participants": ["Diamond Princesses"]
            },
            {
                "participants": ["Amy D", "Erica Lewis"]
            }
        ],
        "result": {
            "type": "Win",
            "method": "pinfall",
            "winner_side": 0,
            "time": "03:23"
        },
        "winning_side_index": 0,
        "individual_results": [],
        "team_results": [],
        "sync_teams_to_individuals": false
    },
    {
        "id": "mayhem-33-match-2",
        "sides": [
            {
                "participants": ["Air America"]
            },
            {
                "participants": ["Da Bad News Baers"]
            }
        ],
        "result": {
            "type": "Win",
            "method": "pinfall",
            "winner_side": 0,
            "time": "02:38"
        },
        "winning_side_index": 0,
        "individual_results": [],
        "team_results": [],
        "sync_teams_to_individuals": false
    },
    {
        "id": "mayhem-33-match-3",
        "sides": [
            {
                "participants": ["Emily Anderson"]
            },
            {
                "participants": ["Jessica James"]
            }
        ],
        "result": {
            "type": "Win",
            "method": "pinfall",
            "winner_side": 1,
            "time": "04:10"
        },
        "winning_side_index": 1,
        "individual_results": [],
        "team_results": [],
        "sync_teams_to_individuals": false
    },
    {
        "id": "mayhem-33-match-4",
        "sides": [
            {
                "participants": ["Leather Angels"]
            },
            {
                "participants": ["Lashay Cass", "Laura Perry"]
            }
        ],
        "result": {
            "type": "Win",
            "method": "pinfall",
            "winner_side": 0,
            "time": "02:42"
        },
        "winning_side_index": 0,
        "individual_results": [],
        "team_results": [],
        "sync_teams_to_individuals": false
    },
    {
        "id": "mayhem-33-match-5",
        "sides": [
            {
                "participants": ["Amber Sloane"]
            },
            {
                "participants": ["Anastasia Phoenix"]
            }
        ],
        "result": {
            "type": "Win",
            "method": "pinfall",
            "winner_side": 1,
            "time": "08:20"
        },
        "winning_side_index": 1,
        "individual_results": [],
        "team_results": [],
        "sync_teams_to_individuals": false
    },
    {
        "id": "mayhem-33-match-6",
        "sides": [
            {
                "participants": ["Fox Kelly"]
            },
            {
                "participants": ["Ranger Ross"]
            }
        ],
        "result": {
            "type": "Win",
            "method": "countout",
            "winner_side": 0,
            "time": "11:38"
        },
        "winning_side_index": 0,
        "individual_results": [],
        "team_results": [],
        "sync_teams_to_individuals": false
    },
    {
        "id": "mayhem-33-match-7",
        "sides": [
            {
                "participants": ["The Mad Dogs"]
            },
            {
                "participants": ["The Masked Crushers"]
            }
        ],
        "result": {
            "type": "Win",
            "method": "pinfall",
            "winner_side": 0,
            "time": "01:18"
        },
        "winning_side_index": 0,
        "individual_results": [],
        "team_results": [],
        "sync_teams_to_individuals": false
    },
    {
        "id": "mayhem-33-match-8",
        "sides": [
            {
                "participants": ["Autumn Chambers", "Katy Kelly"]
            },
            {
                "participants": ["Officer Cass Evans", "Piper Pepper"]
            }
        ],
        "result": {
            "type": "Win",
            "method": "pinfall",
            "winner_side": 0,
            "time": "09:28"
        },
        "winning_side_index": 0,
        "individual_results": [],
        "team_results": [],
        "sync_teams_to_individuals": false
    },
    {
        "id": "mayhem-33-match-9",
        "sides": [
            {
                "participants": ["The Pumas"]
            },
            {
                "participants": ["Sacred Dragons"]
            }
        ],
        "result": {
            "type": "Draw",
            "method": "time limit draw",
            "winner_side": null,
            "time": "20:00"
        },
        "winning_side_index": -1,
        "individual_results": [],
        "team_results": [],
        "sync_teams_to_individuals": false
    },
    {
        "id": "mayhem-33-match-10",
        "sides": [
            {
                "participants": ["Knightfall", "Rage Blackwolf"]
            },
            {
                "participants": ["Johnny Destruction", "Payne", "Riddick"]
            }
        ],
        "result": {
            "type": "Win",
            "method": "pinfall",
            "winner_side": 1,
            "time": "10:04"
        },
        "winning_side_index": 1,
        "individual_results": [],
        "team_results": [],
        "sync_teams_to_individuals": false
    }
]
