[
    {
        "position": 100,
        "type": "Match",
        "header": "Singles Match",
        "participants_display": "Fitzgerald vs Fox Kelly",
        "sides": [
            [
                "Fitzgerald"
            ],
            [
                "Fox Kelly"
            ]
        ],
        "match_result": "Side 1 (Fitzgerald) wins",
        "match_result_display": "Fitzgerald def. Fox Kelly by pinfall (11:55)",
        "match_id": "cd38872c-cde7-4473-946a-e659fe22e710",
        "summary_file": "/home/gary/wma/includes/tmp/mayhem-52/match_singles-match.md"
    },
    {
        "position": 101,
        "type": "Match",
        "header": "Singles Match",
        "participants_display": "Anastasia Phoenix vs Gina Cook",
        "sides": [
            [
                "Anastasia Phoenix"
            ],
            [
                "Gina Cook"
            ]
        ],
        "match_result": "Side 1 (Anastasia Phoenix) wins",
        "match_result_display": "Anastasia Phoenix def. Gina Cook by pinfall (07:27)",
        "match_id": "65012892-ca01-4534-84fe-f8c8e04bdd47",
        "summary_file": "/home/gary/wma/includes/tmp/mayhem-52/match_singles-match.md"
    },
    {
        "position": 102,
        "type": "Match",
        "header": "Grudge Match",
        "participants_display": "Adrian Waters vs Michael King",
        "sides": [
            [
                "Adrian Waters"
            ],
            [
                "Michael King"
            ]
        ],
        "match_result": "Side 1 (Adrian Waters) wins",
        "match_result_display": "Adrian Waters def. Michael King by pinfall (04:30)",
        "match_id": "22409c32-98ac-436a-baf6-2f27ab5c4907",
        "summary_file": "/home/gary/wma/includes/tmp/mayhem-52/match_grudge-match.md"
    },
    {
        "position": 103,
        "type": "Match",
        "header": "Singles Match",
        "participants_display": "Mad Dogs vs ???",
        "sides": [
            [
                "Mad Dogs"
            ],
            [
                "???"
            ]
        ],
        "match_result": "",
        "match_result_display": "",
        "match_id": "2ffcbb32-5534-4d62-a111-cf261e982e42",
        "summary_file": "/home/gary/wma/includes/tmp/mayhem-52/match_singles-match.md"
    },
    {
        "position": 104,
        "type": "Match",
        "header": "Singles Match",
        "participants_display": "Happy Faces vs Pumas",
        "sides": [
            [
                "Happy Faces"
            ],
            [
                "Pumas"
            ]
        ],
        "match_result": "",
        "match_result_display": "",
        "match_id": "9e6894bd-a612-41ff-a71f-87683243a5c4",
        "summary_file": "/home/gary/wma/includes/tmp/mayhem-52/match_singles-match.md"
    },
    {
        "position": 105,
        "type": "Match",
        "header": "Main Event – WMA Television Championship",
        "participants_display": "KC Shore (c) vs Rob Johnson",
        "sides": [
            [
                "KC Shore (c)"
            ],
            [
                "Rob Johnson"
            ]
        ],
        "match_result": "Side 2 (Rob Johnson) wins",
        "match_result_display": "Rob Johnson def. KC Shore (c) by pinfall (22:14)",
        "match_id": "a18f0656-03ef-4534-af18-40402c589c19",
        "summary_file": "/home/gary/wma/includes/tmp/mayhem-52/match_main-event-wma-television-championship.md"
    },
    {
        "position": 106,
        "type": "Match",
        "header": "Dark Match",
        "participants_display": "Apalachi vs Joe Lynch",
        "sides": [
            [
                "Apalachi"
            ],
            [
                "Joe Lynch"
            ]
        ],
        "match_result": "Side 1 (Apalachi) wins",
        "match_result_display": "Apalachi def. Joe Lynch by pinfall (01:43)",
        "match_id": "12237941-2478-48eb-b7ff-a7d8e92a274a",
        "summary_file": "/home/gary/wma/includes/tmp/mayhem-52/match_dark-match.md"
    },
    {
        "position": 107,
        "type": "Match",
        "header": "Dark Match",
        "participants_display": "Corey Moore, Patrick Baily vs Void",
        "sides": [
            [
                "Corey Moore, Patrick Baily"
            ],
            [
                "Void"
            ]
        ],
        "match_result": "",
        "match_result_display": "",
        "match_id": "bc6dedcb-5842-45bf-bc01-1afe053824f5",
        "summary_file": "/home/gary/wma/includes/tmp/mayhem-52/match_dark-match.md"
    },
    {
        "position": 108,
        "type": "Match",
        "header": "Dark Match",
        "participants_display": "Kevin Ramirez vs Rick Walker",
        "sides": [
            [
                "Kevin Ramirez"
            ],
            [
                "Rick Walker"
            ]
        ],
        "match_result": "Side 2 (Rick Walker) wins",
        "match_result_display": "Rick Walker def. Kevin Ramirez by pinfall (05:37)",
        "match_id": "5d09158d-5fd1-434e-bb4e-14fd99aec757",
        "summary_file": "/home/gary/wma/includes/tmp/mayhem-52/match_dark-match.md"
    }
]