[
    {
        "position": 1,
        "type": "Match",
        "header": "Singles Match",
        "match_id": "68fb1fe2-7610-420a-b511-f2f777254d5e",
        "participants_display": "Amber Sloane vs Piper Pepper",
        "sides": [
            [
                "Amber Sloane"
            ],
            [
                "Piper Pepper"
            ]
        ],
        "match_result": "Side 2 (Piper Pepper) wins",
        "match_result_display": "Piper Pepper def. Amber Sloane by pinfall (12:24)",
        "summary_file": "/home/gary/github/slamsim/includes/tmp/mayhem-9/match_singles-match_1.md"
    },
    {
        "position": 2,
        "type": "Match",
        "header": "Singles Match",
        "match_id": "2d383580-b5b7-49b6-8649-32e46c20f8ae",
        "participants_display": "Rage Blackwolf vs Vincent Van Ives",
        "sides": [
            [
                "Rage Blackwolf"
            ],
            [
                "Vincent Van Ives"
            ]
        ],
        "match_result": "Side 1 (Rage Blackwolf) wins",
        "match_result_display": "Rage Blackwolf def. Vincent Van Ives by pinfall (13:28)",
        "summary_file": "/home/gary/github/slamsim/includes/tmp/mayhem-9/match_singles-match_2.md"
    },
    {
        "position": 3,
        "type": "Match",
        "header": "Singles Match",
        "match_id": "ebfa71a3-13a9-4301-8636-7de10310b43e",
        "participants_display": "Evelyn Drake vs Marie Ross",
        "sides": [
            [
                "Evelyn Drake"
            ],
            [
                "Marie Ross"
            ]
        ],
        "match_result": "Side 1 (Evelyn Drake) wins",
        "match_result_display": "Evelyn Drake def. Marie Ross by submission (05:11)",
        "summary_file": "/home/gary/github/slamsim/includes/tmp/mayhem-9/match_singles-match_3.md"
    },
    {
        "position": 4,
        "type": "In-ring",
        "header": "",
        "summary_file": "/home/gary/github/slamsim/includes/tmp/mayhem-9/in-ring_no-header_4.md"
    },
    {
        "position": 5,
        "type": "Match",
        "header": "Main Event - Non-Title",
        "participants_display": "Adrian Waters vs Timothy Myers",
        "sides": [
            [
                "Adrian Waters"
            ],
            [
                "Timothy Myers"
            ]
        ],
        "match_result": "Side 1 (Adrian Waters) wins",
        "match_result_display": "Adrian Waters def. Timothy Myers by pinfall (18:41)",
        "match_id": "8759eea8-894d-4fcf-b672-b4b2681601fc",
        "summary_file": "/home/gary/github/slamsim/includes/tmp/mayhem-9/match_main-event-non-title_5.md"
    }
]