[
    {
        "position": 1,
        "type": "Match",
        "header": "Dark Match",
        "participants_display": "Amy D vs Piper Pepper",
        "sides": [
            [
                "Amy D"
            ],
            [
                "Piper Pepper"
            ]
        ],
        "match_result": "Side 2 (Piper Pepper) wins",
        "match_result_display": "Piper Pepper def. Amy D by pinfall (03:10)",
        "match_id": "c18d3322-6a41-4423-a346-027d9e24bf3c",
        "summary_file": "/home/gary/wma/includes/tmp/mayhem-32/match_dark-match.md"
    },
    {
        "position": 2,
        "type": "Match",
        "header": "Dark Match",
        "participants_display": "Extreme Randy vs Michael King",
        "sides": [
            [
                "Extreme Randy"
            ],
            [
                "Michael King"
            ]
        ],
        "match_result": "Side 2 (Michael King) wins",
        "match_result_display": "Michael King def. Extreme Randy by pinfall (03:44)",
        "match_id": "4c129168-ef7a-4334-97dd-d56f330e8816",
        "summary_file": "/home/gary/wma/includes/tmp/mayhem-32/match_dark-match.md"
    },
    {
        "position": 3,
        "type": "Match",
        "header": "Dark Match",
        "participants_display": "Don Real vs Riddick",
        "sides": [
            [
                "Don Real"
            ],
            [
                "Riddick"
            ]
        ],
        "match_result": "Side 2 (Riddick) wins",
        "match_result_display": "Riddick def. Don Real by submission (00:55)",
        "match_id": "bf17d369-cb21-4f2c-aa08-962b7126195b",
        "summary_file": "/home/gary/wma/includes/tmp/mayhem-32/match_dark-match.md"
    },
    {
        "position": 4,
        "type": "Match",
        "header": "Dark Match",
        "participants_display": "Candice Whitehall, Gina Cook vs K.A.O.S.",
        "sides": [
            [
                "Candice Whitehall",
                "Gina Cook"
            ],
            [
                "K.A.O.S."
            ]
        ],
        "match_result": "",
        "match_result_display": "",
        "match_id": "e996a60d-b13d-4f56-a188-a5ef6e2ff48d",
        "summary_file": "/home/gary/wma/includes/tmp/mayhem-32/match_dark-match.md"
    },
    {
        "position": 5,
        "type": "Match",
        "header": "WMA Tag-Team Championship",
        "participants_display": "The Mad Dogs (c) vs Frank Roberts, Bill McGraw",
        "sides": [
            [
                "The Mad Dogs (c)"
            ],
            [
                "Frank Roberts",
                "Bill McGraw"
            ]
        ],
        "match_result": "",
        "match_result_display": "",
        "match_id": "b5d700da-47b9-4b3f-ba5a-807c6f94ef46",
        "summary_file": "/home/gary/wma/includes/tmp/mayhem-32/match_wma-tag-team-championship.md"
    },
    {
        "position": 6,
        "type": "Match",
        "header": "Special Match",
        "participants_display": "The California Connection vs Carla Rivera, Jackie Scott",
        "sides": [
            [
                "The California Connection"
            ],
            [
                "Carla Rivera",
                "Jackie Scott"
            ]
        ],
        "match_result": "",
        "match_result_display": "",
        "match_id": "e68c46c0-0eaf-48f7-b2a5-2f1ec52ca886",
        "summary_file": "/home/gary/wma/includes/tmp/mayhem-32/match_special-match.md"
    },
    {
        "position": 7,
        "type": "Match",
        "header": "Six-Man Tag-Team Grudge Match",
        "participants_display": "The Hellfire Club (Alexi Chambers, \"The Monster\" Payne, Scott Ashton) vs Knightfall, Max Dynamite",
        "sides": [
            [
                "The Hellfire Club (Alexi Chambers, \"The Monster\" Payne, Scott Ashton)"
            ],
            [
                "Knightfall, Max Dynamite"
            ]
        ],
        "match_result": "Side 1 (The Hellfire Club (Alexi Chambers, \"The Monster\" Payne, Scott Ashton)) wins",
        "match_result_display": "The Hellfire Club (Alexi Chambers, \"The Monster\" Payne, Scott Ashton) def. Knightfall, Max Dynamite by pinfall (16:04)",
        "match_id": "a85573cf-d04a-421b-9b60-0f658c967287",
        "summary_file": "/home/gary/wma/includes/tmp/mayhem-32/match_six-man-tag-team-grudge-match.md"
    },
    {
        "position": 8,
        "type": "Match",
        "header": "I Quit Match",
        "participants_display": "Autumn Chambers vs Mandy Matthews",
        "sides": [
            [
                "Autumn Chambers"
            ],
            [
                "Mandy Matthews"
            ]
        ],
        "match_result": "Side 1 (Autumn Chambers) wins",
        "match_result_display": "Autumn Chambers def. Mandy Matthews (06:31)",
        "match_id": "d5952035-60b7-4c76-9e32-6f791b2a4886",
        "summary_file": "/home/gary/wma/includes/tmp/mayhem-32/match_i-quit-match.md"
    },
    {
        "position": 9,
        "type": "Match",
        "header": "Main Event - WMA Heavyweight Championship",
        "participants_display": "Jamey Kingston (c) vs KC Shore",
        "sides": [
            [
                "Jamey Kingston (c)"
            ],
            [
                "KC Shore"
            ]
        ],
        "match_result": "",
        "match_result_display": "",
        "match_id": "9b1f642a-133d-40c9-be0a-bb1bc6057944",
        "summary_file": "/home/gary/wma/includes/tmp/mayhem-32/match_main-event-wma-heavyweight-championship.md"
    }
]