[
    {
        "position": 1,
        "type": "Match",
        "header": "Singles Match",
        "match_id": "24fe4a8a-b34d-4e8d-85e1-f0aa2de89b42",
        "participants_display": "KC Shore vs Luke Graves",
        "sides": [
            [
                "KC Shore"
            ],
            [
                "Luke Graves"
            ]
        ],
        "match_result": "Side 1 (KC Shore) wins",
        "match_result_display": "KC Shore def. Luke Graves by pinfall (13:40)",
        "summary_file": "/home/gary/github/slamsim/includes/tmp/mayhem-10/match_singles-match_1.md"
    },
    {
        "position": 2,
        "type": "Interview",
        "header": "",
        "summary_file": "/home/gary/github/slamsim/includes/tmp/mayhem-10/interview_no-header_2.md"
    },
    {
        "position": 3,
        "type": "Match",
        "header": "Main Event - WMA World Championship",
        "match_id": "5f364814-4357-40b3-825b-32d5b4abfb8d",
        "participants_display": "Timothy Myers vs Johnny Destruction",
        "sides": [
            [
                "Timothy Myers"
            ],
            [
                "Johnny Destruction"
            ]
        ],
        "match_result": "Side 1 (Timothy Myers) wins",
        "match_result_display": "Timothy Myers def. Johnny Destruction by pinfall to win the WMA World Championship (22:17)",
        "summary_file": "/home/gary/github/slamsim/includes/tmp/mayhem-10/match_main-event-wma-world-championship_3.md"
    }
]