[
    {
        "position": 1,
        "type": "Match",
        "header": "Dark Match",
        "participants_display": "Purple Rime, Red Mist vs Jonathan Cruz, Rick Soto",
        "sides": [
            [
                "Purple Rime",
                "Red Mist"
            ],
            [
                "Jonathan Cruz, Rick Soto"
            ]
        ],
        "match_result": "",
        "match_result_display": "",
        "match_id": "d674cbb1-ef79-41ec-9fdc-91eaac8c63d8",
        "summary_file": "/home/gary/wma/includes/tmp/mayhem-34/match_dark-match.md"
    },
    {
        "position": 2,
        "type": "Match",
        "header": "Dark Match",
        "participants_display": "Fred Lambert vs Malcolm Cross",
        "sides": [
            [
                "Fred Lambert"
            ],
            [
                "Malcolm Cross"
            ]
        ],
        "match_result": "Side 2 (Malcolm Cross) wins",
        "match_result_display": "Malcolm Cross def. Fred Lambert by pinfall (00:40)",
        "match_id": "069d169c-02dd-46bb-8b07-1558bed4d893",
        "summary_file": "/home/gary/wma/includes/tmp/mayhem-34/match_dark-match.md"
    },
    {
        "position": 3,
        "type": "Match",
        "header": "Dark Match",
        "participants_display": "Elena Sanchez, Rita Gomez vs Jenna Powell, Kari Ortiz",
        "sides": [
            [
                "Elena Sanchez",
                "Rita Gomez"
            ],
            [
                "Jenna Powell, Kari Ortiz"
            ]
        ],
        "match_result": "",
        "match_result_display": "",
        "match_id": "d6371b3d-fd4e-4c87-9e7d-ef8b3e545244",
        "summary_file": "/home/gary/wma/includes/tmp/mayhem-34/match_dark-match.md"
    },
    {
        "position": 4,
        "type": "Match",
        "header": "Dark Match",
        "participants_display": "Pauline Schneider vs Piper Pepper",
        "sides": [
            [
                "Pauline Schneider"
            ],
            [
                "Piper Pepper"
            ]
        ],
        "match_result": "Side 2 (Piper Pepper) wins",
        "match_result_display": "Piper Pepper def. Pauline Schneider by pinfall (02:12)",
        "match_id": "52cc280f-3645-4104-9c95-abd93e2c30e9",
        "summary_file": "/home/gary/wma/includes/tmp/mayhem-34/match_dark-match.md"
    },
    {
        "position": 5,
        "type": "Match",
        "header": "Special Match",
        "participants_display": "Happy Jack, Happy Sam vs The Masked Crushers",
        "sides": [
            [
                "Happy Jack",
                "Happy Sam"
            ],
            [
                "The Masked Crushers"
            ]
        ],
        "match_result": "",
        "match_result_display": "",
        "match_id": "b75cf2f0-34d7-41f0-a4f9-2e5bda7ff2b9",
        "summary_file": "/home/gary/wma/includes/tmp/mayhem-34/match_special-match.md"
    },
    {
        "position": 6,
        "type": "Match",
        "header": "Tag-Team Match",
        "participants_display": "Carla Rivera, Jackie Scott vs Moon Child, Tabitha Ray",
        "sides": [
            [
                "Carla Rivera",
                "Jackie Scott"
            ],
            [
                "Moon Child",
                "Tabitha Ray"
            ]
        ],
        "match_result": "",
        "match_result_display": "",
        "match_id": "7c8c50b8-d752-4f8a-be70-02a92734a76d",
        "summary_file": "/home/gary/wma/includes/tmp/mayhem-34/match_tag-team-match.md"
    },
    {
        "position": 7,
        "type": "Match",
        "header": "Grudge Match",
        "participants_display": "Alexi Chambers vs Max Dynamite",
        "sides": [
            [
                "Alexi Chambers"
            ],
            [
                "Max Dynamite"
            ]
        ],
        "match_result": "Side 2 (Max Dynamite) wins",
        "match_result_display": "Max Dynamite def. Alexi Chambers by pinfall (14:12)",
        "match_id": "2721bc90-7a6c-4930-bdea-9edcd10c3bea",
        "summary_file": "/home/gary/wma/includes/tmp/mayhem-34/match_grudge-match.md"
    },
    {
        "position": 8,
        "type": "Match",
        "header": "Special Match",
        "participants_display": "Mis-Fitz vs Bobby Biceps, Fox Kelly",
        "sides": [
            [
                "Mis-Fitz"
            ],
            [
                "Bobby Biceps",
                "Fox Kelly"
            ]
        ],
        "match_result": "Side 1 (Mis-Fitz) wins",
        "match_result_display": "Mis-Fitz def. Bobby Biceps, Fox Kelly by disqualification (05:18)",
        "match_id": "0139c27a-a2d0-4848-af58-ab8c884b98e2",
        "summary_file": "/home/gary/wma/includes/tmp/mayhem-34/match_special-match.md"
    },
    {
        "position": 9,
        "type": "Match",
        "header": "Handicap Match",
        "participants_display": "Jim Brady, Rob Johnson vs Shadow Walker",
        "sides": [
            [
                "Jim Brady",
                "Rob Johnson"
            ],
            [
                "Shadow Walker"
            ]
        ],
        "match_result": "",
        "match_result_display": "",
        "match_id": "91728d5c-f6e6-4f26-bf88-4affac38fd4b",
        "summary_file": "/home/gary/wma/includes/tmp/mayhem-34/match_handicap-match.md"
    },
    {
        "position": 10,
        "type": "Match",
        "header": "Non-Title Match",
        "participants_display": "Apryl Raser vs Jessica James",
        "sides": [
            [
                "Apryl Raser"
            ],
            [
                "Jessica James"
            ]
        ],
        "match_result": "Side 1 (Apryl Raser) wins",
        "match_result_display": "Apryl Raser def. Jessica James by pinfall (18:10)",
        "match_id": "ef6287cd-4acb-47cf-a384-b1102e7b10ec",
        "summary_file": "/home/gary/wma/includes/tmp/mayhem-34/match_non-title-match.md"
    },
    {
        "position": 11,
        "type": "Match",
        "header": "Main Event",
        "participants_display": "Rage Blackwolf vs Riddick",
        "sides": [
            [
                "Rage Blackwolf"
            ],
            [
                "Riddick"
            ]
        ],
        "match_result": "Side 2 (Riddick) wins",
        "match_result_display": "Riddick def. Rage Blackwolf by pinfall (10:07)",
        "match_id": "ac436276-6984-4bff-b266-3fb49c4dc591",
        "summary_file": "/home/gary/wma/includes/tmp/mayhem-34/match_main-event.md"
    }
]