[
    {
        "position": 1,
        "type": "Match",
        "header": "Dark Match",
        "match_id": "6146e3e9-507f-49b7-9d10-8c14f50db95c",
        "participants_display": "Apalachi vs Don Real",
        "sides": [
            [
                "Apalachi"
            ],
            [
                "Don Real"
            ]
        ],
        "match_result": "Side 1 (Apalachi) wins",
        "match_result_display": "Apalachi def. Don Real by submission in a dark match (00:19)",
        "summary_file": "/home/gary/github/slamsim/includes/tmp/mayhem-6/match_dark-match_1.md"
    },
    {
        "position": 2,
        "type": "Match",
        "header": "Singles Match",
        "participants_display": "Alexi Chambers, Scott Ashton vs The Hooligans",
        "sides": [
            [
                "Alexi Chambers",
                "Scott Ashton"
            ],
            [
                "Jason Walker",
                "Mike Wilson"
            ]
        ],
        "match_result": "Side 2 (Jason Walker, Mike Wilson) wins",
        "match_result_display": "The Hooligans (Jason Walker, Mike Wilson) def. Alexi Chambers, Scott Ashton by pinfall (04:44)",
        "match_id": "322b276e-27c6-4dd9-9af1-5a64b0dd1f0b",
        "summary_file": "/home/gary/github/slamsim/includes/tmp/mayhem-6/match_singles-match_2.md"
    }
]