[
    {
        "position": 1,
        "type": "Match",
        "header": "Dark Match",
        "participants_display": "Candice Whitehall, Gina Cook vs Eunice Martinez, Janet Pitman",
        "sides": [
            [
                "Candice Whitehall",
                "Gina Cook"
            ],
            [
                "Eunice Martinez, Janet Pitman"
            ]
        ],
        "match_result": "",
        "match_result_display": "",
        "match_id": "2cf19e2b-3811-49cf-b8ad-1064bf67c90f",
        "summary_file": "/home/gary/wma/includes/tmp/mayhem-35/match_dark-match.md"
    },
    {
        "position": 2,
        "type": "Match",
        "header": "Dark Match",
        "participants_display": "Emily Anderson vs Katy Kelly",
        "sides": [
            [
                "Emily Anderson"
            ],
            [
                "Katy Kelly"
            ]
        ],
        "match_result": "Side 2 (Katy Kelly) wins",
        "match_result_display": "Katy Kelly def. Emily Anderson by pinfall (02:28)",
        "match_id": "ee698d3f-4cc8-4e0b-b5f9-a06fa2b25b1a",
        "summary_file": "/home/gary/wma/includes/tmp/mayhem-35/match_dark-match.md"
    },
    {
        "position": 3,
        "type": "Match",
        "header": "Dark Match",
        "participants_display": "Chris Davids, John Blair vs Lenny Dennis, Tom Ham",
        "sides": [
            [
                "Chris Davids",
                "John Blair"
            ],
            [
                "Lenny Dennis",
                "Tom Ham"
            ]
        ],
        "match_result": "",
        "match_result_display": "",
        "match_id": "ff55b02a-be6a-4644-bfbd-10c53b1d9df7",
        "summary_file": "/home/gary/wma/includes/tmp/mayhem-35/match_dark-match.md"
    },
    {
        "position": 4,
        "type": "Match",
        "header": "Singles Match",
        "participants_display": "Fox Kelly vs KC Shore",
        "sides": [
            [
                "Fox Kelly"
            ],
            [
                "KC Shore"
            ]
        ],
        "match_result": "Side 2 (KC Shore) wins",
        "match_result_display": "KC Shore def. Fox Kelly by knockout (06:26)",
        "match_id": "6201f8f7-2495-41ea-9952-2011c8a2d072",
        "summary_file": "/home/gary/wma/includes/tmp/mayhem-35/match_singles-match.md"
    },
    {
        "position": 5,
        "type": "Match",
        "header": "Tag-Team Match",
        "participants_display": "Carla Rivera, Jackie Scott vs Moon Child, Tabitha Ray",
        "sides": [
            [
                "Carla Rivera",
                "Jackie Scott"
            ],
            [
                "Moon Child",
                "Tabitha Ray"
            ]
        ],
        "match_result": "",
        "match_result_display": "",
        "match_id": "bdec34c7-7bb4-499e-8dfb-4ebc48c3b2e6",
        "summary_file": "/home/gary/wma/includes/tmp/mayhem-35/match_tag-team-match.md"
    },
    {
        "position": 6,
        "type": "Match",
        "header": "Singles Match",
        "participants_display": "Alexander Midas vs TJ Valentine",
        "sides": [
            [
                "Alexander Midas"
            ],
            [
                "TJ Valentine"
            ]
        ],
        "match_result": "Side 1 (Alexander Midas) wins",
        "match_result_display": "Alexander Midas def. TJ Valentine by pinfall (11:29)",
        "match_id": "ae9862e6-626b-4f5c-80f1-cab390563f2f",
        "summary_file": "/home/gary/wma/includes/tmp/mayhem-35/match_singles-match.md"
    },
    {
        "position": 7,
        "type": "Match",
        "header": "Singles Match",
        "participants_display": "Da Bad News Baers vs The Walkers (\"Slick\" Rick Walker, Shadow Walker)",
        "sides": [
            [
                "Da Bad News Baers"
            ],
            [
                "The Walkers (\"Slick\" Rick Walker, Shadow Walker)"
            ]
        ],
        "match_result": "Side 2 (The Walkers (\"Slick\" Rick Walker, Shadow Walker)) wins",
        "match_result_display": "The Walkers (\"Slick\" Rick Walker, Shadow Walker) def. Da Bad News Baers by pinfall (03:16)",
        "match_id": "8b4d067f-e084-491a-80d8-5603ece69ebf",
        "summary_file": "/home/gary/wma/includes/tmp/mayhem-35/match_singles-match.md"
    },
    {
        "position": 8,
        "type": "Match",
        "header": "Singles Match",
        "participants_display": "Dana Diamond vs Tammy Terrel",
        "sides": [
            [
                "Dana Diamond"
            ],
            [
                "Tammy Terrel"
            ]
        ],
        "match_result": "Side 1 (Dana Diamond) wins",
        "match_result_display": "Dana Diamond def. Tammy Terrel by pinfall (13:05)",
        "match_id": "61beb274-945d-44a3-9222-942bfa12896e",
        "summary_file": "/home/gary/wma/includes/tmp/mayhem-35/match_singles-match.md"
    },
    {
        "position": 9,
        "type": "Match",
        "header": "Singles Match",
        "participants_display": "Apalachi vs Johnny Destruction",
        "sides": [
            [
                "Apalachi"
            ],
            [
                "Johnny Destruction"
            ]
        ],
        "match_result": "Side 2 (Johnny Destruction) wins",
        "match_result_display": "Johnny Destruction def. Apalachi by pinfall (11:20)",
        "match_id": "a8db61a7-0fd5-49bc-be34-aa005267f583",
        "summary_file": "/home/gary/wma/includes/tmp/mayhem-35/match_singles-match.md"
    },
    {
        "position": 10,
        "type": "Match",
        "header": "Main Event - WMA Television Championship",
        "participants_display": "Fitzgerald (c) vs Bobby Biceps",
        "sides": [
            [
                "Fitzgerald (c)"
            ],
            [
                "Bobby Biceps"
            ]
        ],
        "match_result": "Side 1 (Fitzgerald (c)) wins",
        "match_result_display": "Fitzgerald (c) def. Bobby Biceps by disqualification (14:44)",
        "match_id": "262bff99-0392-453a-ae4d-c0927d62ce30",
        "summary_file": "/home/gary/wma/includes/tmp/mayhem-35/match_main-event-wma-television-championship.md"
    }
]