[
    {
        "position": 1,
        "type": "Match",
        "header": "Dark Match",
        "participants_display": "Chris Davids, John Blair vs Lenny Dennis, Roman Baldwin",
        "sides": [
            [
                "Chris Davids",
                "John Blair"
            ],
            [
                "Lenny Dennis, Roman Baldwin"
            ]
        ],
        "match_result": "",
        "match_result_display": "",
        "match_id": "8c82f486-db71-4787-b204-eadbec3ed186",
        "summary_file": "/home/gary/wma/includes/tmp/mayhem-30/match_dark-match.md"
    },
    {
        "position": 2,
        "type": "Match",
        "header": "Dark Match",
        "participants_display": "Jim Brady vs Noel Jackson",
        "sides": [
            [
                "Jim Brady"
            ],
            [
                "Noel Jackson"
            ]
        ],
        "match_result": "Side 1 (Jim Brady) wins",
        "match_result_display": "Jim Brady def. Noel Jackson by pinfall (04:34)",
        "match_id": "3a9fc900-0d59-42f6-825b-47eeac6dc9c5",
        "summary_file": "/home/gary/wma/includes/tmp/mayhem-30/match_dark-match.md"
    },
    {
        "position": 3,
        "type": "Match",
        "header": "Dark Match",
        "participants_display": "Carla Rivera, Jackie Scott vs Moon Child, Tabitha Ray",
        "sides": [
            [
                "Carla Rivera",
                "Jackie Scott"
            ],
            [
                "Moon Child",
                "Tabitha Ray"
            ]
        ],
        "match_result": "",
        "match_result_display": "",
        "match_id": "e94d5834-f230-447b-9588-67ddab5d40f4",
        "summary_file": "/home/gary/wma/includes/tmp/mayhem-30/match_dark-match.md"
    },
    {
        "position": 4,
        "type": "Match",
        "header": "The Double Gauntlet",
        "participants_display": "(TBA)",
        "sides": [
            [
                "(TBA)"
            ]
        ],
        "match_result": "",
        "match_result_display": "",
        "match_id": "4d719c75-7c16-42a9-a2a9-f889b1dd05b2",
        "summary_file": "/home/gary/wma/includes/tmp/mayhem-30/match_the-double-gauntlet.md"
    },
    {
        "position": 5,
        "type": "Match",
        "header": "Double Gauntlet Match",
        "participants_display": "(TBA)",
        "sides": [
            [
                "(TBA)"
            ]
        ],
        "match_result": "",
        "match_result_display": "",
        "match_id": "674c7ec2-fbfd-4b7c-a4c1-ecdb16208b57",
        "summary_file": "/home/gary/wma/includes/tmp/mayhem-30/match_double-gauntlet-match.md"
    },
    {
        "position": 6,
        "type": "Match",
        "header": "Double Gauntlet Match",
        "participants_display": "(TBA)",
        "sides": [
            [
                "(TBA)"
            ]
        ],
        "match_result": "",
        "match_result_display": "",
        "match_id": "1415bc48-8f2d-4086-a38e-32085b856201",
        "summary_file": "/home/gary/wma/includes/tmp/mayhem-30/match_double-gauntlet-match.md"
    },
    {
        "position": 7,
        "type": "Match",
        "header": "Double Gauntlet Match",
        "participants_display": "(TBA)",
        "sides": [
            [
                "(TBA)"
            ]
        ],
        "match_result": "",
        "match_result_display": "",
        "match_id": "5bbc0f99-2453-4cd1-b09b-6c43daaae348",
        "summary_file": "/home/gary/wma/includes/tmp/mayhem-30/match_double-gauntlet-match.md"
    },
    {
        "position": 8,
        "type": "Match",
        "header": "Double Gauntlet Match",
        "participants_display": "(TBA)",
        "sides": [
            [
                "(TBA)"
            ]
        ],
        "match_result": "",
        "match_result_display": "",
        "match_id": "078ab71a-fefa-4b3c-8507-e17e3c598c8e",
        "summary_file": "/home/gary/wma/includes/tmp/mayhem-30/match_double-gauntlet-match.md"
    },
    {
        "position": 9,
        "type": "Match",
        "header": "Double Gauntlet Match",
        "participants_display": "(TBA)",
        "sides": [
            [
                "(TBA)"
            ]
        ],
        "match_result": "",
        "match_result_display": "",
        "match_id": "7977d0af-8b95-4046-8a9b-52030bc9b9e8",
        "summary_file": "/home/gary/wma/includes/tmp/mayhem-30/match_double-gauntlet-match.md"
    },
    {
        "position": 10,
        "type": "Match",
        "header": "Double Gauntlet Finals",
        "participants_display": "(TBA)",
        "sides": [
            [
                "(TBA)"
            ]
        ],
        "match_result": "",
        "match_result_display": "",
        "match_id": "7b2cc460-9898-4b30-9ec8-07f121a040e2",
        "summary_file": "/home/gary/wma/includes/tmp/mayhem-30/match_double-gauntlet-finals.md"
    },
    {
        "position": 11,
        "type": "Match",
        "header": "Grudge Match",
        "participants_display": "Arsen vs Mandy Matthews",
        "sides": [
            [
                "Arsen"
            ],
            [
                "Mandy Matthews"
            ]
        ],
        "match_result": "Side 2 (Mandy Matthews) wins",
        "match_result_display": "Mandy Matthews def. Arsen by submission (05:11)",
        "match_id": "f8860db6-f681-4b43-a865-304d66ba1ba7",
        "summary_file": "/home/gary/wma/includes/tmp/mayhem-30/match_grudge-match.md"
    },
    {
        "position": 12,
        "type": "Match",
        "header": "Tag-Team Match",
        "participants_display": "Candice Whitehall, Gina Cook vs Elena Sanchez, Rita Gomez",
        "sides": [
            [
                "Candice Whitehall",
                "Gina Cook"
            ],
            [
                "Elena Sanchez",
                "Rita Gomez"
            ]
        ],
        "match_result": "",
        "match_result_display": "",
        "match_id": "b60071a9-3ae8-41a3-9f8c-52e9fc65f265",
        "summary_file": "/home/gary/wma/includes/tmp/mayhem-30/match_tag-team-match.md"
    },
    {
        "position": 13,
        "type": "Match",
        "header": "Main Event",
        "participants_display": "The Golden Rule (Alexander Midas, Bobby Biceps) vs Timothy Myers, ?",
        "sides": [
            [
                "The Golden Rule (Alexander Midas, Bobby Biceps)"
            ],
            [
                "Timothy Myers, ?"
            ]
        ],
        "match_result": "",
        "match_result_display": "",
        "match_id": "5ff56db5-50aa-48d5-8a44-6768437246c9",
        "summary_file": "/home/gary/wma/includes/tmp/mayhem-30/match_main-event.md"
    }
]