[
    {
        "position": 1,
        "type": "Match",
        "header": "Tag-Team Match",
        "participants_display": "The Void (Luke Graves, Vincent Van Ives), Riddick vs Knightfall (Chris Davids, John Blair), Timothy Myers",
        "sides": [
            [
                "Luke Graves",
                "Vincent Van Ives",
                "Riddick"
            ],
            [
                "Chris Davids",
                "John Blair",
                "Timothy Myers"
            ]
        ],
        "match_result": "Side 2 (Chris Davids, John Blair, Timothy Myers) wins",
        "match_result_display": "Knightfall (Chris Davids, John Blair), Timothy Myers def. The Void (Luke Graves, Vincent Van Ives), Riddick by pinfall",
        "match_id": "ecda7b0f-9d6b-443e-8ef1-d23daaf89d85",
        "summary_file": "/home/gary/github/slamsim/includes/tmp/mayhem-7/match_tag-team-match_1.md"
    },
    {
        "position": 2,
        "type": "Match",
        "header": "Singles Match",
        "match_id": "1a63f6be-8764-4520-8132-171a8dc79286",
        "participants_display": "Apalachi vs Bobby Biceps vs Michael King",
        "sides": [
            [
                "Apalachi"
            ],
            [
                "Bobby Biceps"
            ],
            [
                "Michael King"
            ]
        ],
        "match_result": "Side 1 (Apalachi) wins",
        "match_result_display": "Apalachi def. Bobby Biceps, Michael King by submission (5:54)",
        "summary_file": "/home/gary/github/slamsim/includes/tmp/mayhem-7/match_singles-match_2.md"
    },
    {
        "position": 3,
        "type": "Match",
        "header": "Tag-Team Match",
        "participants_display": "Hot Shots (Abigail James, Danielle Marks), Jessica James vs Diamond Princesses (Dana Diamond, Kiara Haddad), Anastasia Phoenix",
        "sides": [
            [
                "Abigail James",
                "Danielle Marks",
                "Jessica James"
            ],
            [
                "Dana Diamond",
                "Kiara Haddad",
                "Anastasia Phoenix"
            ]
        ],
        "match_result": "Side 1 (Abigail James, Danielle Marks, Jessica James) wins",
        "match_result_display": "Hot Shots (Abigail James, Danielle Marks), Jessica James def. Diamond Princesses (Dana Diamond, Kiara Haddad), Anastasia Phoenix by pinfall (11:12)",
        "match_id": "d21ef48c-8747-4622-92b3-e2f67ba6ebfe",
        "summary_file": "/home/gary/github/slamsim/includes/tmp/mayhem-7/match_tag-team-match_3.md"
    }
]