[
    {
        "participants_display": "Killian Brady, Noah Brady vs Donald Thompson, Patrick Bailey",
        "sides": [
            [
                "Killian Brady",
                "Noah Brady"
            ],
            [
                "Donald Thompson, Patrick Bailey"
            ]
        ],
        "match_time": "03:17",
        "match_championship": "",
        "match_class": "handicap",
        "winning_side_index": -1,
        "individual_results": {
            "Killian Brady": "No Contest",
            "Noah Brady": "No Contest",
            "Donald Thompson, Patrick Bailey": "No Contest"
        },
        "team_results": {
            "The Pumas": "No Contest"
        },
        "sync_teams_to_individuals": true,
        "match_result": "",
        "winner_method": "pinfall",
        "match_result_display": "",
        "match_visibility": {
            "hide_from_card": true,
            "hide_summary": true,
            "hide_result": false
        },
        "warnings": [],
        "segment_position": 1,
        "match_id": "94145494-ec8e-4cd3-b40c-64e7607ecfe6"
    },
    {
        "participants_display": "Jessica James vs Molly Page",
        "sides": [
            [
                "Jessica James"
            ],
            [
                "Molly Page"
            ]
        ],
        "match_time": "03:14",
        "match_championship": "",
        "match_class": "singles",
        "winning_side_index": 0,
        "individual_results": {
            "Jessica James": "Win",
            "Molly Page": "Loss"
        },
        "team_results": {},
        "sync_teams_to_individuals": true,
        "match_result": "Side 1 (Jessica James) wins",
        "winner_method": "pinfall",
        "match_result_display": "Jessica James def. Molly Page by pinfall (03:14)",
        "match_visibility": {
            "hide_from_card": true,
            "hide_summary": true,
            "hide_result": false
        },
        "warnings": [],
        "segment_position": 2,
        "match_id": "f4c5087d-7f1d-446e-9275-1a8e04007dd7"
    },
    {
        "participants_display": "Darla West vs Katy Kelly",
        "sides": [
            [
                "Darla West"
            ],
            [
                "Katy Kelly"
            ]
        ],
        "match_time": "01:16",
        "match_championship": "",
        "match_class": "singles",
        "winning_side_index": 1,
        "individual_results": {
            "Darla West": "Loss",
            "Katy Kelly": "Win"
        },
        "team_results": {},
        "sync_teams_to_individuals": true,
        "match_result": "Side 2 (Katy Kelly) wins",
        "winner_method": "pinfall",
        "match_result_display": "Katy Kelly def. Darla West by pinfall (01:16)",
        "match_visibility": {
            "hide_from_card": true,
            "hide_summary": true,
            "hide_result": false
        },
        "warnings": [],
        "segment_position": 3,
        "match_id": "6da6b12a-df65-4127-b454-523c5c7e73a9"
    },
    {
        "participants_display": "Chris Davids, John Blair vs Jim Brady, Rob Johnson",
        "sides": [
            [
                "Chris Davids",
                "John Blair"
            ],
            [
                "Jim Brady",
                "Rob Johnson"
            ]
        ],
        "match_time": "15:10",
        "match_championship": "",
        "match_class": "tag",
        "winning_side_index": -1,
        "individual_results": {
            "Chris Davids": "No Contest",
            "John Blair": "No Contest",
            "Jim Brady": "No Contest",
            "Rob Johnson": "No Contest"
        },
        "team_results": {
            "Knightfall": "No Contest",
            "Leaders Not Followers": "No Contest"
        },
        "sync_teams_to_individuals": true,
        "match_result": "",
        "winner_method": "pinfall",
        "match_result_display": "",
        "match_visibility": {
            "hide_from_card": false,
            "hide_summary": false,
            "hide_result": false
        },
        "warnings": [],
        "segment_position": 4,
        "match_id": "568dfd2c-c18e-41e3-b6da-68fd6218eaa2"
    },
    {
        "participants_display": "Max Dynamite vs Riddick",
        "sides": [
            [
                "Max Dynamite"
            ],
            [
                "Riddick"
            ]
        ],
        "match_time": "11:02",
        "match_championship": "",
        "match_class": "singles",
        "winning_side_index": 1,
        "individual_results": {
            "Max Dynamite": "Loss",
            "Riddick": "Win"
        },
        "team_results": {},
        "sync_teams_to_individuals": true,
        "match_result": "Side 2 (Riddick) wins",
        "winner_method": "pinfall",
        "match_result_display": "Riddick def. Max Dynamite by pinfall (11:02)",
        "match_visibility": {
            "hide_from_card": false,
            "hide_summary": false,
            "hide_result": false
        },
        "warnings": [],
        "segment_position": 5,
        "match_id": "9957c4f0-9213-4870-b4da-88a651131e9b"
    },
    {
        "participants_display": "Anastasia Phoenix, Officer Cass Evans, Piper Pepper vs Elena Sanchez, Tabitha Ray, Tammy Terrel",
        "sides": [
            [
                "Anastasia Phoenix",
                "Officer Cass Evans",
                "Piper Pepper"
            ],
            [
                "Elena Sanchez",
                "Tabitha Ray",
                "Tammy Terrel"
            ]
        ],
        "match_time": "08:57",
        "match_championship": "",
        "match_class": "trios",
        "winning_side_index": 1,
        "individual_results": {
            "Anastasia Phoenix": "Loss",
            "Officer Cass Evans": "Loss",
            "Piper Pepper": "Loss",
            "Elena Sanchez": "Win",
            "Tabitha Ray": "Win",
            "Tammy Terrel": "Win"
        },
        "team_results": {},
        "sync_teams_to_individuals": true,
        "match_result": "Side 2 (Elena Sanchez, Tabitha Ray, Tammy Terrel) wins",
        "winner_method": "pinfall",
        "match_result_display": "Elena Sanchez, Tabitha Ray, Tammy Terrel def. Anastasia Phoenix, Officer Cass Evans, Piper Pepper by pinfall (08:57)",
        "match_visibility": {
            "hide_from_card": false,
            "hide_summary": false,
            "hide_result": false
        },
        "warnings": [],
        "segment_position": 6,
        "match_id": "a3d7b147-e0e7-4dd0-97fb-cb6bcc1d971b"
    },
    {
        "participants_display": "Jamey Kingston, Michael King vs The Walkers",
        "sides": [
            [
                "Jamey Kingston",
                "Michael King"
            ],
            [
                "The Walkers"
            ]
        ],
        "match_time": "16:50",
        "match_championship": "",
        "match_class": "handicap",
        "winning_side_index": -1,
        "individual_results": {
            "Jamey Kingston": "No Contest",
            "Michael King": "No Contest",
            "The Walkers": "No Contest"
        },
        "team_results": {
            "King's Court": "No Contest"
        },
        "sync_teams_to_individuals": true,
        "match_result": "",
        "winner_method": "pinfall",
        "match_result_display": "",
        "match_visibility": {
            "hide_from_card": false,
            "hide_summary": false,
            "hide_result": false
        },
        "warnings": [],
        "segment_position": 7,
        "match_id": "4f01afab-1fb7-4289-9ddf-488dfc0fe2ea"
    },
    {
        "participants_display": "Malcolm Cross vs \"The Monster\" Payne",
        "sides": [
            [
                "Malcolm Cross"
            ],
            [
                "\"The Monster\" Payne"
            ]
        ],
        "match_time": "07:22",
        "match_championship": "",
        "match_class": "singles",
        "winning_side_index": 0,
        "individual_results": {
            "Malcolm Cross": "Win",
            "\"The Monster\" Payne": "Loss"
        },
        "team_results": {},
        "sync_teams_to_individuals": true,
        "match_result": "Side 1 (Malcolm Cross) wins",
        "winner_method": "pinfall",
        "match_result_display": "Malcolm Cross def. \"The Monster\" Payne by pinfall (07:22)",
        "match_visibility": {
            "hide_from_card": false,
            "hide_summary": false,
            "hide_result": false
        },
        "warnings": [],
        "segment_position": 8,
        "match_id": "c9e5a2fe-4d1e-45b6-bdb0-64a8338dde89"
    },
    {
        "participants_display": "The Texas Badlanders (c) vs Mad Dog Bark, Mad Dog Bite",
        "sides": [
            [
                "The Texas Badlanders (c)"
            ],
            [
                "Mad Dog Bark",
                "Mad Dog Bite"
            ]
        ],
        "match_time": "12:46",
        "match_championship": "wma-world-tag-team-championship-ee2a",
        "match_class": "handicap",
        "winning_side_index": -1,
        "individual_results": {
            "The Texas Badlanders (c)": "No Contest",
            "Mad Dog Bark": "No Contest",
            "Mad Dog Bite": "No Contest"
        },
        "team_results": {
            "The Mad Dogs": "No Contest"
        },
        "sync_teams_to_individuals": true,
        "match_result": "",
        "winner_method": "",
        "match_result_display": "",
        "match_visibility": {
            "hide_from_card": false,
            "hide_summary": false,
            "hide_result": false
        },
        "warnings": [],
        "segment_position": 9,
        "match_id": "4fd7b791-10d0-4a2b-89c7-79e266f9047b"
    }
]