[
    {
        "participants_display": "Rage Blackwolf vs Don Real",
        "sides": [
            [
                "Rage Blackwolf"
            ],
            [
                "Don Real"
            ]
        ],
        "match_time": "00:38",
        "match_championship": "",
        "match_class": "singles",
        "winning_side_index": 0,
        "individual_results": {
            "Rage Blackwolf": "Win",
            "Don Real": "Loss"
        },
        "team_results": {},
        "sync_teams_to_individuals": true,
        "match_result": "Side 1 (Rage Blackwolf) wins",
        "winner_method": "pinfall",
        "match_result_display": "Rage Blackwolf def. Don Real by pinfall (00:38)",
        "match_visibility": {
            "hide_from_card": true,
            "hide_summary": true,
            "hide_result": false
        },
        "warnings": [],
        "segment_position": 100,
        "match_id": "1ce4326b-1050-45e3-9d0b-518879edc387"
    },
    {
        "participants_display": "Dominic Black, Hugo Royce vs Masked Crushers",
        "sides": [
            [
                "Dominic Black",
                "Hugo Royce"
            ],
            [
                "Masked Crushers"
            ]
        ],
        "match_time": "02:06",
        "match_championship": "",
        "match_class": "handicap",
        "winning_side_index": -1,
        "individual_results": {
            "Dominic Black": "No Contest",
            "Hugo Royce": "No Contest",
            "Masked Crushers": "No Contest"
        },
        "team_results": {
            "Imperial Warpath": "No Contest"
        },
        "sync_teams_to_individuals": true,
        "match_result": "",
        "winner_method": "pinfall",
        "match_result_display": "",
        "match_visibility": {
            "hide_from_card": true,
            "hide_summary": true,
            "hide_result": false
        },
        "warnings": [],
        "segment_position": 101,
        "match_id": "696383ad-0496-4087-bb30-7cdb83906056"
    },
    {
        "participants_display": "Javier Reyes vs Tom Ham",
        "sides": [
            [
                "Javier Reyes"
            ],
            [
                "Tom Ham"
            ]
        ],
        "match_time": "05:25",
        "match_championship": "",
        "match_class": "singles",
        "winning_side_index": -1,
        "individual_results": {
            "Javier Reyes": "No Contest",
            "Tom Ham": "No Contest"
        },
        "team_results": {},
        "sync_teams_to_individuals": true,
        "match_result": "",
        "winner_method": "pinfall",
        "match_result_display": "",
        "match_visibility": {
            "hide_from_card": true,
            "hide_summary": true,
            "hide_result": false
        },
        "warnings": [],
        "segment_position": 102,
        "match_id": "15567568-4dff-4352-bf6c-6d8586ba5ea5"
    },
    {
        "participants_display": "Pumas vs \"The Monster\" Payne, Max Dynamite",
        "sides": [
            [
                "Pumas"
            ],
            [
                "\"The Monster\" Payne",
                "Max Dynamite"
            ]
        ],
        "match_time": "14:21",
        "match_championship": "",
        "match_class": "handicap",
        "winning_side_index": -1,
        "individual_results": {
            "Pumas": "No Contest",
            "\"The Monster\" Payne": "No Contest",
            "Max Dynamite": "No Contest"
        },
        "team_results": {
            "Rated Extreme": "No Contest"
        },
        "sync_teams_to_individuals": true,
        "match_result": "",
        "winner_method": "pinfall",
        "match_result_display": "",
        "match_visibility": {
            "hide_from_card": true,
            "hide_summary": true,
            "hide_result": false
        },
        "warnings": [],
        "segment_position": 103,
        "match_id": "3b2b3172-e998-4942-a8c2-afcf484c1738"
    },
    {
        "participants_display": "Dana Diamond vs Katy Kelly",
        "sides": [
            [
                "Dana Diamond"
            ],
            [
                "Katy Kelly"
            ]
        ],
        "match_time": "11:34",
        "match_championship": "",
        "match_class": "singles",
        "winning_side_index": 1,
        "individual_results": {
            "Dana Diamond": "Loss",
            "Katy Kelly": "Win"
        },
        "team_results": {},
        "sync_teams_to_individuals": true,
        "match_result": "Side 2 (Katy Kelly) wins",
        "winner_method": "pinfall",
        "match_result_display": "Katy Kelly def. Dana Diamond by pinfall (11:34)",
        "match_visibility": {
            "hide_from_card": false,
            "hide_summary": false,
            "hide_result": false
        },
        "warnings": [],
        "segment_position": 104,
        "match_id": "5d2cb7d4-29d0-4748-b569-7aeb2bc1b111"
    },
    {
        "participants_display": "Frank Roberts vs Jason Walker",
        "sides": [
            [
                "Frank Roberts"
            ],
            [
                "Jason Walker"
            ]
        ],
        "match_time": "09:50",
        "match_championship": "",
        "match_class": "singles",
        "winning_side_index": 0,
        "individual_results": {
            "Frank Roberts": "Win",
            "Jason Walker": "Loss"
        },
        "team_results": {},
        "sync_teams_to_individuals": true,
        "match_result": "Side 1 (Frank Roberts) wins",
        "winner_method": "pinfall",
        "match_result_display": "Frank Roberts def. Jason Walker by pinfall (09:50)",
        "match_visibility": {
            "hide_from_card": false,
            "hide_summary": false,
            "hide_result": false
        },
        "warnings": [],
        "segment_position": 105,
        "match_id": "63f0ff6f-18da-442b-b661-c8a02d01d6a9"
    },
    {
        "participants_display": "Mandy Matthews vs Officer Cass Evans",
        "sides": [
            [
                "Mandy Matthews"
            ],
            [
                "Officer Cass Evans"
            ]
        ],
        "match_time": "14:04",
        "match_championship": "",
        "match_class": "singles",
        "winning_side_index": 0,
        "individual_results": {
            "Mandy Matthews": "Win",
            "Officer Cass Evans": "Loss"
        },
        "team_results": {},
        "sync_teams_to_individuals": true,
        "match_result": "Side 1 (Mandy Matthews) wins",
        "winner_method": "",
        "match_result_display": "Mandy Matthews def. Officer Cass Evans (14:04)",
        "match_visibility": {
            "hide_from_card": false,
            "hide_summary": false,
            "hide_result": false
        },
        "warnings": [],
        "segment_position": 106,
        "match_id": "0100ca5a-689e-4a41-ac1c-03c993480956"
    },
    {
        "participants_display": "SHEros (Heather Kent, Piper Pepper) vs Danielle Marks, Jessica James",
        "sides": [
            [
                "SHEros (Heather Kent, Piper Pepper)"
            ],
            [
                "Danielle Marks",
                "Jessica James"
            ]
        ],
        "match_time": "10:22",
        "match_championship": "",
        "match_class": "handicap",
        "winning_side_index": -1,
        "individual_results": {
            "SHEros (Heather Kent, Piper Pepper)": "No Contest",
            "Danielle Marks": "No Contest",
            "Jessica James": "No Contest"
        },
        "team_results": {},
        "sync_teams_to_individuals": true,
        "match_result": "",
        "winner_method": "pinfall",
        "match_result_display": "",
        "match_visibility": {
            "hide_from_card": false,
            "hide_summary": false,
            "hide_result": false
        },
        "warnings": [],
        "segment_position": 107,
        "match_id": "bc396370-ad7e-41c0-bc96-e52b685fca54"
    },
    {
        "participants_display": "Adrian Waters, Rob Johnson vs KC and Joe Shore",
        "sides": [
            [
                "Adrian Waters",
                "Rob Johnson"
            ],
            [
                "KC and Joe Shore"
            ]
        ],
        "match_time": "12:49",
        "match_championship": "",
        "match_class": "handicap",
        "winning_side_index": 0,
        "individual_results": {
            "Adrian Waters": "Win",
            "Rob Johnson": "Win",
            "KC and Joe Shore": "Loss"
        },
        "team_results": {},
        "sync_teams_to_individuals": true,
        "match_result": "Side 1 (Adrian Waters, Rob Johnson) wins",
        "winner_method": "pinfall",
        "match_result_display": "Adrian Waters, Rob Johnson def. KC and Joe Shore by pinfall (12:49)",
        "match_visibility": {
            "hide_from_card": false,
            "hide_summary": false,
            "hide_result": false
        },
        "warnings": [],
        "segment_position": 108,
        "match_id": "7f6ae18f-b12c-4f59-9027-c014b5a9f3e3"
    }
]