[
    {
        "participants_display": "Corey Moore vs Jim Brady",
        "sides": [
            [
                "Corey Moore"
            ],
            [
                "Jim Brady"
            ]
        ],
        "match_time": "02:15",
        "match_championship": "",
        "match_class": "singles",
        "winning_side_index": 1,
        "individual_results": {
            "Corey Moore": "Loss",
            "Jim Brady": "Win"
        },
        "team_results": {},
        "sync_teams_to_individuals": true,
        "match_result": "Side 2 (Jim Brady) wins",
        "winner_method": "pinfall",
        "match_result_display": "Jim Brady def. Corey Moore by pinfall (02:15)",
        "match_visibility": {
            "hide_from_card": true,
            "hide_summary": true,
            "hide_result": false
        },
        "warnings": [],
        "segment_position": 1,
        "match_id": "113a3211-4c11-4bbc-962f-43576191d0ec"
    },
    {
        "participants_display": "Candice Whitehall, Gina Cook vs The Anderson Sisters",
        "sides": [
            [
                "Candice Whitehall",
                "Gina Cook"
            ],
            [
                "The Anderson Sisters"
            ]
        ],
        "match_time": "03:05",
        "match_championship": "",
        "match_class": "handicap",
        "winning_side_index": -1,
        "individual_results": {
            "Candice Whitehall": "No Contest",
            "Gina Cook": "No Contest",
            "The Anderson Sisters": "No Contest"
        },
        "team_results": {
            "Adrenaline": "No Contest"
        },
        "sync_teams_to_individuals": true,
        "match_result": "",
        "winner_method": "pinfall",
        "match_result_display": "",
        "match_visibility": {
            "hide_from_card": true,
            "hide_summary": true,
            "hide_result": false
        },
        "warnings": [],
        "segment_position": 2,
        "match_id": "a6a34976-93d1-4139-96e9-d65dcddeb1b0"
    },
    {
        "participants_display": "The Golden Rule vs The Masked Crushers",
        "sides": [
            [
                "The Golden Rule"
            ],
            [
                "The Masked Crushers"
            ]
        ],
        "match_time": "03:51",
        "match_championship": "",
        "match_class": "singles",
        "winning_side_index": 0,
        "individual_results": {
            "The Golden Rule": "Win",
            "The Masked Crushers": "Loss"
        },
        "team_results": {},
        "sync_teams_to_individuals": true,
        "match_result": "Side 1 (The Golden Rule) wins",
        "winner_method": "pinfall",
        "match_result_display": "The Golden Rule def. The Masked Crushers by pinfall (03:51)",
        "match_visibility": {
            "hide_from_card": true,
            "hide_summary": true,
            "hide_result": false
        },
        "warnings": [],
        "segment_position": 3,
        "match_id": "8a4819bd-1558-44eb-ab3c-d150f0f4c3b0"
    },
    {
        "participants_display": "Joe Shore vs Michael King",
        "sides": [
            [
                "Joe Shore"
            ],
            [
                "Michael King"
            ]
        ],
        "match_time": "08:37",
        "match_championship": "",
        "match_class": "singles",
        "winning_side_index": 0,
        "individual_results": {
            "Joe Shore": "Win",
            "Michael King": "Loss"
        },
        "team_results": {},
        "sync_teams_to_individuals": true,
        "match_result": "Side 1 (Joe Shore) wins",
        "winner_method": "pinfall",
        "match_result_display": "Joe Shore def. Michael King by pinfall (08:37)",
        "match_visibility": {
            "hide_from_card": false,
            "hide_summary": false,
            "hide_result": false
        },
        "warnings": [],
        "segment_position": 4,
        "match_id": "2d825ea2-6e12-4fcf-a6ff-08b15b7b8e2d"
    },
    {
        "participants_display": "Carla Rivera vs The Moon Child",
        "sides": [
            [
                "Carla Rivera"
            ],
            [
                "The Moon Child"
            ]
        ],
        "match_time": "06:11",
        "match_championship": "",
        "match_class": "singles",
        "winning_side_index": 0,
        "individual_results": {
            "Carla Rivera": "Win",
            "The Moon Child": "Loss"
        },
        "team_results": {},
        "sync_teams_to_individuals": true,
        "match_result": "Side 1 (Carla Rivera) wins",
        "winner_method": "pinfall",
        "match_result_display": "Carla Rivera def. The Moon Child by pinfall (06:11)",
        "match_visibility": {
            "hide_from_card": false,
            "hide_summary": false,
            "hide_result": false
        },
        "warnings": [],
        "segment_position": 5,
        "match_id": "8c632bb7-f055-445b-9b68-46bbaa0836a4"
    },
    {
        "participants_display": "Katy Kelly vs Missy Wallace",
        "sides": [
            [
                "Katy Kelly"
            ],
            [
                "Missy Wallace"
            ]
        ],
        "match_time": "07:18",
        "match_championship": "",
        "match_class": "singles",
        "winning_side_index": 0,
        "individual_results": {
            "Katy Kelly": "Win",
            "Missy Wallace": "Loss"
        },
        "team_results": {},
        "sync_teams_to_individuals": true,
        "match_result": "Side 1 (Katy Kelly) wins",
        "winner_method": "pinfall",
        "match_result_display": "Katy Kelly def. Missy Wallace by pinfall (07:18)",
        "match_visibility": {
            "hide_from_card": false,
            "hide_summary": false,
            "hide_result": false
        },
        "warnings": [],
        "segment_position": 6,
        "match_id": "6dd7bef8-d96d-40e3-a996-2305c25b5cd8"
    },
    {
        "participants_display": "Robert Swanson, Zach Gordon vs The Sacred Dragons",
        "sides": [
            [
                "Robert Swanson",
                "Zach Gordon"
            ],
            [
                "The Sacred Dragons"
            ]
        ],
        "match_time": "09:15",
        "match_championship": "",
        "match_class": "handicap",
        "winning_side_index": 1,
        "individual_results": {
            "Robert Swanson": "Loss",
            "Zach Gordon": "Loss",
            "The Sacred Dragons": "Win"
        },
        "team_results": {
            "Air America": "Loss"
        },
        "sync_teams_to_individuals": true,
        "match_result": "Side 2 (The Sacred Dragons) wins",
        "winner_method": "pinfall",
        "match_result_display": "The Sacred Dragons def. Robert Swanson, Zach Gordon by pinfall (09:15)",
        "match_visibility": {
            "hide_from_card": false,
            "hide_summary": false,
            "hide_result": false
        },
        "warnings": [],
        "segment_position": 7,
        "match_id": "15868870-f9b8-41cb-8d75-2f8b742bf981"
    },
    {
        "participants_display": "The California Connection vs Elena Sanchez, Rita Gomez",
        "sides": [
            [
                "The California Connection"
            ],
            [
                "Elena Sanchez",
                "Rita Gomez"
            ]
        ],
        "match_time": "16:16",
        "match_championship": "",
        "match_class": "handicap",
        "winning_side_index": 0,
        "individual_results": {
            "The California Connection": "Win",
            "Elena Sanchez": "Loss",
            "Rita Gomez": "Loss"
        },
        "team_results": {
            "Las Chicas Viciosas": "Loss"
        },
        "sync_teams_to_individuals": true,
        "match_result": "Side 1 (The California Connection) wins",
        "winner_method": "pinfall",
        "match_result_display": "The California Connection def. Elena Sanchez, Rita Gomez by pinfall (16:16)",
        "match_visibility": {
            "hide_from_card": false,
            "hide_summary": false,
            "hide_result": false
        },
        "warnings": [],
        "segment_position": 8,
        "match_id": "e99ca0e8-b2de-44c8-a534-9cfc3332abfe"
    },
    {
        "participants_display": "The Hellfire Club (Johnny Destruction, Scott Ashton) vs Mad Dog Bark, Mad Dog Bite",
        "sides": [
            [
                "The Hellfire Club (Johnny Destruction, Scott Ashton)"
            ],
            [
                "Mad Dog Bark",
                "Mad Dog Bite"
            ]
        ],
        "match_time": "15:01",
        "match_championship": "",
        "match_class": "handicap",
        "winning_side_index": -1,
        "individual_results": {
            "The Hellfire Club (Johnny Destruction, Scott Ashton)": "No Contest",
            "Mad Dog Bark": "No Contest",
            "Mad Dog Bite": "No Contest"
        },
        "team_results": {
            "The Mad Dogs": "No Contest"
        },
        "sync_teams_to_individuals": true,
        "match_result": "",
        "winner_method": "disqualification",
        "match_result_display": "",
        "match_visibility": {
            "hide_from_card": false,
            "hide_summary": false,
            "hide_result": false
        },
        "warnings": [],
        "segment_position": 9,
        "match_id": "262512e3-587c-4e9c-b786-59adde204909"
    },
    {
        "participants_display": "Fitzgerald (c) vs Fox Kelly",
        "sides": [
            [
                "Fitzgerald (c)"
            ],
            [
                "Fox Kelly"
            ]
        ],
        "match_time": "11:53",
        "match_championship": "wma-television-championship-73c8",
        "match_class": "singles",
        "winning_side_index": 0,
        "individual_results": {
            "Fitzgerald (c)": "Win",
            "Fox Kelly": "Loss"
        },
        "team_results": {},
        "sync_teams_to_individuals": true,
        "match_result": "Side 1 (Fitzgerald (c)) wins",
        "winner_method": "submission",
        "match_result_display": "Fitzgerald (c) def. Fox Kelly by submission (11:53)",
        "match_visibility": {
            "hide_from_card": false,
            "hide_summary": false,
            "hide_result": false
        },
        "warnings": [],
        "segment_position": 10,
        "match_id": "eb01749a-95ae-4d00-ba45-d401adf8bbc2"
    }
]