[
    {
        "participants_display": "Jim Brady, Rob Johnson vs Corey Moore, Patrick Bailey",
        "sides": [
            [
                "Jim Brady",
                "Rob Johnson"
            ],
            [
                "Corey Moore, Patrick Bailey"
            ]
        ],
        "match_time": "02:28",
        "match_championship": "",
        "match_class": "handicap",
        "winning_side_index": -1,
        "individual_results": {
            "Jim Brady": "No Contest",
            "Rob Johnson": "No Contest",
            "Corey Moore, Patrick Bailey": "No Contest"
        },
        "team_results": {
            "Leaders Not Followers": "No Contest"
        },
        "sync_teams_to_individuals": true,
        "match_result": "",
        "winner_method": "pinfall",
        "match_result_display": "",
        "match_visibility": {
            "hide_from_card": true,
            "hide_summary": true,
            "hide_result": false
        },
        "warnings": [],
        "segment_position": 1,
        "match_id": "ca0c3775-1736-4e18-a695-948d67681aee"
    },
    {
        "participants_display": "Cora Quinn vs Mandy Matthews",
        "sides": [
            [
                "Cora Quinn"
            ],
            [
                "Mandy Matthews"
            ]
        ],
        "match_time": "03:01",
        "match_championship": "",
        "match_class": "singles",
        "winning_side_index": 1,
        "individual_results": {
            "Cora Quinn": "Loss",
            "Mandy Matthews": "Win"
        },
        "team_results": {},
        "sync_teams_to_individuals": true,
        "match_result": "Side 2 (Mandy Matthews) wins",
        "winner_method": "submission",
        "match_result_display": "Mandy Matthews def. Cora Quinn by submission (03:01)",
        "match_visibility": {
            "hide_from_card": true,
            "hide_summary": true,
            "hide_result": false
        },
        "warnings": [],
        "segment_position": 2,
        "match_id": "5e95a4a7-ecc3-4595-986f-ddea6ee0059a"
    },
    {
        "participants_display": "Da Bad News Baers vs Mad Dog Bark, Mad Dog Bite",
        "sides": [
            [
                "Da Bad News Baers"
            ],
            [
                "Mad Dog Bark",
                "Mad Dog Bite"
            ]
        ],
        "match_time": "02:04",
        "match_championship": "",
        "match_class": "handicap",
        "winning_side_index": -1,
        "individual_results": {
            "Da Bad News Baers": "No Contest",
            "Mad Dog Bark": "No Contest",
            "Mad Dog Bite": "No Contest"
        },
        "team_results": {
            "The Mad Dogs": "No Contest"
        },
        "sync_teams_to_individuals": true,
        "match_result": "",
        "winner_method": "pinfall",
        "match_result_display": "",
        "match_visibility": {
            "hide_from_card": true,
            "hide_summary": true,
            "hide_result": false
        },
        "warnings": [],
        "segment_position": 3,
        "match_id": "1e0af856-a1fb-4156-bc86-fbb1099b0cf9"
    },
    {
        "participants_display": "Robert Swanson, Zach Gordon vs Doug Garner, Fred Lambert",
        "sides": [
            [
                "Robert Swanson",
                "Zach Gordon"
            ],
            [
                "Doug Garner, Fred Lambert"
            ]
        ],
        "match_time": "01:48",
        "match_championship": "",
        "match_class": "handicap",
        "winning_side_index": -1,
        "individual_results": {
            "Robert Swanson": "No Contest",
            "Zach Gordon": "No Contest",
            "Doug Garner, Fred Lambert": "No Contest"
        },
        "team_results": {
            "Air America": "No Contest"
        },
        "sync_teams_to_individuals": true,
        "match_result": "",
        "winner_method": "pinfall",
        "match_result_display": "",
        "match_visibility": {
            "hide_from_card": true,
            "hide_summary": true,
            "hide_result": false
        },
        "warnings": [],
        "segment_position": 4,
        "match_id": "55d6565c-3de6-441c-847c-81e11a9fa7a3"
    },
    {
        "participants_display": "The Anderson Sisters vs The Hot Shots (Abigail James, Danielle Marks)",
        "sides": [
            [
                "The Anderson Sisters"
            ],
            [
                "The Hot Shots (Abigail James, Danielle Marks)"
            ]
        ],
        "match_time": "04:31",
        "match_championship": "",
        "match_class": "singles",
        "winning_side_index": 1,
        "individual_results": {
            "The Anderson Sisters": "Loss",
            "The Hot Shots (Abigail James, Danielle Marks)": "Win"
        },
        "team_results": {},
        "sync_teams_to_individuals": true,
        "match_result": "Side 2 (The Hot Shots (Abigail James, Danielle Marks)) wins",
        "winner_method": "pinfall",
        "match_result_display": "The Hot Shots (Abigail James, Danielle Marks) def. The Anderson Sisters by pinfall (04:31)",
        "match_visibility": {
            "hide_from_card": false,
            "hide_summary": false,
            "hide_result": false
        },
        "warnings": [],
        "segment_position": 5,
        "match_id": "52fcd2d3-36b3-468c-a59e-681604a156f6"
    },
    {
        "participants_display": "Happy Jack, Happy Sam vs The Walkers",
        "sides": [
            [
                "Happy Jack",
                "Happy Sam"
            ],
            [
                "The Walkers"
            ]
        ],
        "match_time": "11:09",
        "match_championship": "",
        "match_class": "handicap",
        "winning_side_index": -1,
        "individual_results": {
            "Happy Jack": "No Contest",
            "Happy Sam": "No Contest",
            "The Walkers": "No Contest"
        },
        "team_results": {
            "The Happy Faces": "No Contest"
        },
        "sync_teams_to_individuals": true,
        "match_result": "",
        "winner_method": "pinfall",
        "match_result_display": "",
        "match_visibility": {
            "hide_from_card": false,
            "hide_summary": false,
            "hide_result": false
        },
        "warnings": [],
        "segment_position": 6,
        "match_id": "36a54a57-b838-4433-b309-6f36fa9effaa"
    },
    {
        "participants_display": "\"Wild\" Bill McGraw vs Rage Blackwolf",
        "sides": [
            [
                "\"Wild\" Bill McGraw"
            ],
            [
                "Rage Blackwolf"
            ]
        ],
        "match_time": "12:45",
        "match_championship": "",
        "match_class": "singles",
        "winning_side_index": 1,
        "individual_results": {
            "\"Wild\" Bill McGraw": "Loss",
            "Rage Blackwolf": "Win"
        },
        "team_results": {},
        "sync_teams_to_individuals": true,
        "match_result": "Side 2 (Rage Blackwolf) wins",
        "winner_method": "pinfall",
        "match_result_display": "Rage Blackwolf def. \"Wild\" Bill McGraw by pinfall (12:45)",
        "match_visibility": {
            "hide_from_card": false,
            "hide_summary": false,
            "hide_result": false
        },
        "warnings": [],
        "segment_position": 7,
        "match_id": "94da543d-0135-4b41-abdb-6a3d0e8b67a3"
    },
    {
        "participants_display": "Extreme Randy vs Johnny Destruction",
        "sides": [
            [
                "Extreme Randy"
            ],
            [
                "Johnny Destruction"
            ]
        ],
        "match_time": "03:34",
        "match_championship": "",
        "match_class": "singles",
        "winning_side_index": 1,
        "individual_results": {
            "Extreme Randy": "Loss",
            "Johnny Destruction": "Win"
        },
        "team_results": {},
        "sync_teams_to_individuals": true,
        "match_result": "Side 2 (Johnny Destruction) wins",
        "winner_method": "pinfall",
        "match_result_display": "Johnny Destruction def. Extreme Randy by pinfall (03:34)",
        "match_visibility": {
            "hide_from_card": false,
            "hide_summary": false,
            "hide_result": false
        },
        "warnings": [],
        "segment_position": 8,
        "match_id": "236df2ec-592d-417f-a352-eb77ba26a0b3"
    },
    {
        "participants_display": "Jackie Scott vs Tabitha Ray",
        "sides": [
            [
                "Jackie Scott"
            ],
            [
                "Tabitha Ray"
            ]
        ],
        "match_time": "08:39",
        "match_championship": "",
        "match_class": "singles",
        "winning_side_index": 0,
        "individual_results": {
            "Jackie Scott": "Win",
            "Tabitha Ray": "Loss"
        },
        "team_results": {},
        "sync_teams_to_individuals": true,
        "match_result": "Side 1 (Jackie Scott) wins",
        "winner_method": "pinfall",
        "match_result_display": "Jackie Scott def. Tabitha Ray by pinfall (08:39)",
        "match_visibility": {
            "hide_from_card": false,
            "hide_summary": false,
            "hide_result": false
        },
        "warnings": [],
        "segment_position": 9,
        "match_id": "475ef3cf-f8a0-423b-beb4-52503799b5f9"
    },
    {
        "participants_display": "Alexander Midas, Alexi Chambers, Bobby Biceps vs Chris Davids, John Blair, Timothy Myers",
        "sides": [
            [
                "Alexander Midas",
                "Alexi Chambers",
                "Bobby Biceps"
            ],
            [
                "Chris Davids",
                "John Blair",
                "Timothy Myers"
            ]
        ],
        "match_time": "14:30",
        "match_championship": "",
        "match_class": "trios",
        "winning_side_index": 0,
        "individual_results": {
            "Alexander Midas": "Win",
            "Alexi Chambers": "Win",
            "Bobby Biceps": "Win",
            "Chris Davids": "Loss",
            "John Blair": "Loss",
            "Timothy Myers": "Loss"
        },
        "team_results": {},
        "sync_teams_to_individuals": true,
        "match_result": "Side 1 (Alexander Midas, Alexi Chambers, Bobby Biceps) wins",
        "winner_method": "pinfall",
        "match_result_display": "Alexander Midas, Alexi Chambers, Bobby Biceps def. Chris Davids, John Blair, Timothy Myers by pinfall (14:30)",
        "match_visibility": {
            "hide_from_card": false,
            "hide_summary": false,
            "hide_result": false
        },
        "warnings": [],
        "segment_position": 10,
        "match_id": "b590ae8d-dae5-4c5c-91d9-f9f8af153e04"
    },
    {
        "participants_display": "Jamey Kingston, Michael King vs KC and Joe Shore",
        "sides": [
            [
                "Jamey Kingston",
                "Michael King"
            ],
            [
                "KC and Joe Shore"
            ]
        ],
        "match_time": "10:42",
        "match_championship": "",
        "match_class": "handicap",
        "winning_side_index": -1,
        "individual_results": {
            "Jamey Kingston": "No Contest",
            "Michael King": "No Contest",
            "KC and Joe Shore": "No Contest"
        },
        "team_results": {
            "King's Court": "No Contest"
        },
        "sync_teams_to_individuals": true,
        "match_result": "",
        "winner_method": "pinfall",
        "match_result_display": "",
        "match_visibility": {
            "hide_from_card": false,
            "hide_summary": false,
            "hide_result": false
        },
        "warnings": [],
        "segment_position": 11,
        "match_id": "f3e200f3-f9a6-4d11-a0e4-8c36295b60f3"
    }
]