[
    {
        "sides": [
            [
                "Amber Sloane"
            ],
            [
                "Piper Pepper"
            ]
        ],
        "match_time": "12:24",
        "match_championship": "",
        "winning_side_index": 1,
        "individual_results": {
            "Amber Sloane": "Loss",
            "Piper Pepper": "Win"
        },
        "team_results": {},
        "sync_teams_to_individuals": true,
        "match_result": "Side 2 (Piper Pepper) wins",
        "winner_method": "pinfall",
        "match_result_display": "Piper Pepper def. Amber Sloane by pinfall (12:24)",
        "match_visibility": {
            "hide_from_card": false,
            "hide_summary": false,
            "hide_result": false
        },
        "warnings": [],
        "match_class": "singles",
        "match_id": "68fb1fe2-7610-420a-b511-f2f777254d5e",
        "segment_position": 1
    },
    {
        "sides": [
            [
                "Rage Blackwolf"
            ],
            [
                "Vincent Van Ives"
            ]
        ],
        "match_time": "13:28",
        "match_championship": "",
        "winning_side_index": 0,
        "individual_results": {
            "Rage Blackwolf": "Win",
            "Vincent Van Ives": "Loss"
        },
        "team_results": {},
        "sync_teams_to_individuals": true,
        "match_result": "Side 1 (Rage Blackwolf) wins",
        "winner_method": "pinfall",
        "match_result_display": "Rage Blackwolf def. Vincent Van Ives by pinfall (13:28)",
        "match_visibility": {
            "hide_from_card": false,
            "hide_summary": false,
            "hide_result": false
        },
        "warnings": [],
        "match_class": "singles",
        "match_id": "2d383580-b5b7-49b6-8649-32e46c20f8ae",
        "segment_position": 2
    },
    {
        "sides": [
            [
                "Evelyn Drake"
            ],
            [
                "Marie Ross"
            ]
        ],
        "match_time": "05:11",
        "match_championship": "",
        "winning_side_index": 0,
        "individual_results": {
            "Evelyn Drake": "Win",
            "Marie Ross": "Loss"
        },
        "team_results": {},
        "sync_teams_to_individuals": true,
        "match_result": "Side 1 (Evelyn Drake) wins",
        "winner_method": "submission",
        "match_result_display": "Evelyn Drake def. Marie Ross by submission (05:11)",
        "match_visibility": {
            "hide_from_card": false,
            "hide_summary": false,
            "hide_result": false
        },
        "warnings": [],
        "match_class": "singles",
        "match_id": "ebfa71a3-13a9-4301-8636-7de10310b43e",
        "segment_position": 3
    },
    {
        "sides": [
            [
                "Adrian Waters"
            ],
            [
                "Timothy Myers"
            ]
        ],
        "match_time": "18:41",
        "match_championship": "",
        "winning_side_index": 0,
        "individual_results": {
            "Adrian Waters": "Win",
            "Timothy Myers": "Loss"
        },
        "team_results": {},
        "sync_teams_to_individuals": true,
        "match_result": "Side 1 (Adrian Waters) wins",
        "winner_method": "pinfall",
        "match_result_display": "Adrian Waters def. Timothy Myers by pinfall (18:41)",
        "match_visibility": {
            "hide_from_card": false,
            "hide_summary": false,
            "hide_result": false
        },
        "warnings": [],
        "match_class": "singles",
        "segment_position": 5,
        "match_id": "8759eea8-894d-4fcf-b672-b4b2681601fc"
    }
]