[
    {
        "position": 1,
        "type": "Match",
        "header": "Tag-Team Match",
        "match_id": "b2bbf01c-9aff-4970-a4b1-1fffcaa9fdba",
        "participants_display": "Allison Katt, Mandy Matthews vs Officer Cass Evans, Piper Pepper",
        "sides": [
            [
                "Allison Katt",
                "Mandy Matthews"
            ],
            [
                "Officer Cass Evans",
                "Piper Pepper"
            ]
        ],
        "match_result": "Side 2 (Officer Cass Evans, Piper Pepper) wins",
        "match_result_display": "Officer Cass Evans, Piper Pepper def. Allison Katt, Mandy Matthews by pinfall (12:10)",
        "summary_file": "/home/gary/github/slamsim/includes/tmp/mayhem-11/match_tag-team-match_1.md"
    }
]