[
    {
        "participants_display": "Amy D vs Piper Pepper",
        "sides": [
            [
                "Amy D"
            ],
            [
                "Piper Pepper"
            ]
        ],
        "match_time": "03:10",
        "match_championship": "",
        "match_class": "singles",
        "winning_side_index": 1,
        "individual_results": {
            "Amy D": "Loss",
            "Piper Pepper": "Win"
        },
        "team_results": {},
        "sync_teams_to_individuals": true,
        "match_result": "Side 2 (Piper Pepper) wins",
        "winner_method": "pinfall",
        "match_result_display": "Piper Pepper def. Amy D by pinfall (03:10)",
        "match_visibility": {
            "hide_from_card": true,
            "hide_summary": true,
            "hide_result": false
        },
        "warnings": [],
        "segment_position": 1,
        "match_id": "c18d3322-6a41-4423-a346-027d9e24bf3c"
    },
    {
        "participants_display": "Extreme Randy vs Michael King",
        "sides": [
            [
                "Extreme Randy"
            ],
            [
                "Michael King"
            ]
        ],
        "match_time": "03:44",
        "match_championship": "",
        "match_class": "singles",
        "winning_side_index": 1,
        "individual_results": {
            "Extreme Randy": "Loss",
            "Michael King": "Win"
        },
        "team_results": {},
        "sync_teams_to_individuals": true,
        "match_result": "Side 2 (Michael King) wins",
        "winner_method": "pinfall",
        "match_result_display": "Michael King def. Extreme Randy by pinfall (03:44)",
        "match_visibility": {
            "hide_from_card": true,
            "hide_summary": true,
            "hide_result": false
        },
        "warnings": [],
        "segment_position": 2,
        "match_id": "4c129168-ef7a-4334-97dd-d56f330e8816"
    },
    {
        "participants_display": "Don Real vs Riddick",
        "sides": [
            [
                "Don Real"
            ],
            [
                "Riddick"
            ]
        ],
        "match_time": "00:55",
        "match_championship": "",
        "match_class": "singles",
        "winning_side_index": 1,
        "individual_results": {
            "Don Real": "Loss",
            "Riddick": "Win"
        },
        "team_results": {},
        "sync_teams_to_individuals": true,
        "match_result": "Side 2 (Riddick) wins",
        "winner_method": "submission",
        "match_result_display": "Riddick def. Don Real by submission (00:55)",
        "match_visibility": {
            "hide_from_card": true,
            "hide_summary": true,
            "hide_result": false
        },
        "warnings": [],
        "segment_position": 3,
        "match_id": "bf17d369-cb21-4f2c-aa08-962b7126195b"
    },
    {
        "participants_display": "Candice Whitehall, Gina Cook vs K.A.O.S.",
        "sides": [
            [
                "Candice Whitehall",
                "Gina Cook"
            ],
            [
                "K.A.O.S."
            ]
        ],
        "match_time": "04:06",
        "match_championship": "",
        "match_class": "handicap",
        "winning_side_index": -1,
        "individual_results": {
            "Candice Whitehall": "No Contest",
            "Gina Cook": "No Contest",
            "K.A.O.S.": "No Contest"
        },
        "team_results": {
            "Adrenaline": "No Contest"
        },
        "sync_teams_to_individuals": true,
        "match_result": "",
        "winner_method": "pinfall",
        "match_result_display": "",
        "match_visibility": {
            "hide_from_card": true,
            "hide_summary": true,
            "hide_result": false
        },
        "warnings": [],
        "segment_position": 4,
        "match_id": "e996a60d-b13d-4f56-a188-a5ef6e2ff48d"
    },
    {
        "participants_display": "The Mad Dogs (c) vs Frank Roberts, Bill McGraw",
        "sides": [
            [
                "The Mad Dogs (c)"
            ],
            [
                "Frank Roberts",
                "Bill McGraw"
            ]
        ],
        "match_time": "13:47",
        "match_championship": "wma-world-tag-team-championship-ee2a",
        "match_class": "handicap",
        "winning_side_index": -1,
        "individual_results": {
            "The Mad Dogs (c)": "No Contest",
            "Frank Roberts": "No Contest",
            "Bill McGraw": "No Contest"
        },
        "team_results": {
            "The Texas Badlanders": "No Contest"
        },
        "sync_teams_to_individuals": true,
        "match_result": "",
        "winner_method": "pinfall",
        "match_result_display": "",
        "match_visibility": {
            "hide_from_card": false,
            "hide_summary": false,
            "hide_result": false
        },
        "warnings": [],
        "segment_position": 5,
        "match_id": "b5d700da-47b9-4b3f-ba5a-807c6f94ef46"
    },
    {
        "participants_display": "The California Connection vs Carla Rivera, Jackie Scott",
        "sides": [
            [
                "The California Connection"
            ],
            [
                "Carla Rivera",
                "Jackie Scott"
            ]
        ],
        "match_time": "15:19",
        "match_championship": "",
        "match_class": "handicap",
        "winning_side_index": -1,
        "individual_results": {
            "The California Connection": "No Contest",
            "Carla Rivera": "No Contest",
            "Jackie Scott": "No Contest"
        },
        "team_results": {
            "Leather Angels": "No Contest"
        },
        "sync_teams_to_individuals": true,
        "match_result": "",
        "winner_method": "pinfall",
        "match_result_display": "",
        "match_visibility": {
            "hide_from_card": false,
            "hide_summary": false,
            "hide_result": false
        },
        "warnings": [],
        "segment_position": 6,
        "match_id": "e68c46c0-0eaf-48f7-b2a5-2f1ec52ca886"
    },
    {
        "participants_display": "The Hellfire Club (Alexi Chambers, \"The Monster\" Payne, Scott Ashton) vs Knightfall, Max Dynamite",
        "sides": [
            [
                "The Hellfire Club (Alexi Chambers, \"The Monster\" Payne, Scott Ashton)"
            ],
            [
                "Knightfall, Max Dynamite"
            ]
        ],
        "match_time": "16:04",
        "match_championship": "",
        "match_class": "singles",
        "winning_side_index": 0,
        "individual_results": {
            "The Hellfire Club (Alexi Chambers, \"The Monster\" Payne, Scott Ashton)": "Win",
            "Knightfall, Max Dynamite": "Loss"
        },
        "team_results": {},
        "sync_teams_to_individuals": true,
        "match_result": "Side 1 (The Hellfire Club (Alexi Chambers, \"The Monster\" Payne, Scott Ashton)) wins",
        "winner_method": "pinfall",
        "match_result_display": "The Hellfire Club (Alexi Chambers, \"The Monster\" Payne, Scott Ashton) def. Knightfall, Max Dynamite by pinfall (16:04)",
        "match_visibility": {
            "hide_from_card": false,
            "hide_summary": false,
            "hide_result": false
        },
        "warnings": [],
        "segment_position": 7,
        "match_id": "a85573cf-d04a-421b-9b60-0f658c967287"
    },
    {
        "participants_display": "Autumn Chambers vs Mandy Matthews",
        "sides": [
            [
                "Autumn Chambers"
            ],
            [
                "Mandy Matthews"
            ]
        ],
        "match_time": "06:31",
        "match_championship": "",
        "match_class": "singles",
        "winning_side_index": 0,
        "individual_results": {
            "Autumn Chambers": "Win",
            "Mandy Matthews": "Loss"
        },
        "team_results": {},
        "sync_teams_to_individuals": true,
        "match_result": "Side 1 (Autumn Chambers) wins",
        "winner_method": "",
        "match_result_display": "Autumn Chambers def. Mandy Matthews (06:31)",
        "match_visibility": {
            "hide_from_card": false,
            "hide_summary": false,
            "hide_result": false
        },
        "warnings": [],
        "segment_position": 8,
        "match_id": "d5952035-60b7-4c76-9e32-6f791b2a4886"
    },
    {
        "participants_display": "Jamey Kingston (c) vs KC Shore",
        "sides": [
            [
                "Jamey Kingston (c)"
            ],
            [
                "KC Shore"
            ]
        ],
        "match_time": "19:45",
        "match_championship": "wma-world-championship-39b5",
        "match_class": "singles",
        "winning_side_index": -1,
        "individual_results": {
            "Jamey Kingston (c)": "No Contest",
            "KC Shore": "No Contest"
        },
        "team_results": {},
        "sync_teams_to_individuals": true,
        "match_result": "",
        "winner_method": "",
        "match_result_display": "",
        "match_visibility": {
            "hide_from_card": false,
            "hide_summary": false,
            "hide_result": false
        },
        "warnings": [],
        "segment_position": 9,
        "match_id": "9b1f642a-133d-40c9-be0a-bb1bc6057944"
    }
]