[
    {
        "participants_display": "Amy D vs Naomi Tanaka",
        "sides": [
            [
                "Amy D"
            ],
            [
                "Naomi Tanaka"
            ]
        ],
        "match_time": "02:08",
        "match_championship": "",
        "match_class": "singles",
        "winning_side_index": 1,
        "individual_results": {
            "Amy D": "Loss",
            "Naomi Tanaka": "Win"
        },
        "team_results": {},
        "sync_teams_to_individuals": true,
        "match_result": "Side 2 (Naomi Tanaka) wins",
        "winner_method": "pinfall",
        "match_result_display": "Naomi Tanaka def. Amy D by pinfall (02:08)",
        "match_visibility": {
            "hide_from_card": true,
            "hide_summary": true,
            "hide_result": false
        },
        "warnings": [],
        "segment_position": 100,
        "match_id": "1987cda0-7161-478f-9c13-c5f3f9f418f7"
    },
    {
        "participants_display": "Jenna Powell, Tasha Barnes vs Brianna Caldwell, Cassidy Quinn",
        "sides": [
            [
                "Jenna Powell, Tasha Barnes"
            ],
            [
                "Brianna Caldwell",
                "Cassidy Quinn"
            ]
        ],
        "match_time": "07:44",
        "match_championship": "",
        "match_class": "handicap",
        "winning_side_index": -1,
        "individual_results": {
            "Jenna Powell, Tasha Barnes": "No Contest",
            "Brianna Caldwell": "No Contest",
            "Cassidy Quinn": "No Contest"
        },
        "team_results": {
            "Reckless Ambition": "No Contest"
        },
        "sync_teams_to_individuals": true,
        "match_result": "",
        "winner_method": "pinfall",
        "match_result_display": "",
        "match_visibility": {
            "hide_from_card": true,
            "hide_summary": true,
            "hide_result": false
        },
        "warnings": [],
        "segment_position": 101,
        "match_id": "836bc8a5-a152-4376-bb4f-6cdd92e40591"
    },
    {
        "participants_display": "Dominic Black, Edmund Crowley, Hugo Royce vs Jack Preston, Kaito Tanaka, Tyler Vaughn",
        "sides": [
            [
                "Dominic Black",
                "Edmund Crowley",
                "Hugo Royce"
            ],
            [
                "Jack Preston",
                "Kaito Tanaka",
                "Tyler Vaughn"
            ]
        ],
        "match_time": "14:10",
        "match_championship": "",
        "match_class": "trios",
        "winning_side_index": 1,
        "individual_results": {
            "Dominic Black": "Loss",
            "Edmund Crowley": "Loss",
            "Hugo Royce": "Loss",
            "Jack Preston": "Win",
            "Kaito Tanaka": "Win",
            "Tyler Vaughn": "Win"
        },
        "team_results": {},
        "sync_teams_to_individuals": true,
        "match_result": "Side 2 (Jack Preston, Kaito Tanaka, Tyler Vaughn) wins",
        "winner_method": "disqualification",
        "match_result_display": "Jack Preston, Kaito Tanaka, Tyler Vaughn def. Dominic Black, Edmund Crowley, Hugo Royce by disqualification (14:10)",
        "match_visibility": {
            "hide_from_card": false,
            "hide_summary": false,
            "hide_result": false
        },
        "warnings": [],
        "segment_position": 102,
        "match_id": "fe0cae1b-8756-4291-8908-13d59101c25b"
    },
    {
        "participants_display": "Killian Brady (w/Rudy Fresno, Noah Brady) vs Rick Walker",
        "sides": [
            [
                "Killian Brady (w/Rudy Fresno, Noah Brady)"
            ],
            [
                "Rick Walker"
            ]
        ],
        "match_time": "09:47",
        "match_championship": "",
        "match_class": "singles",
        "winning_side_index": 1,
        "individual_results": {
            "Killian Brady (w/Rudy Fresno, Noah Brady)": "Loss",
            "Rick Walker": "Win"
        },
        "team_results": {},
        "sync_teams_to_individuals": true,
        "match_result": "Side 2 (Rick Walker) wins",
        "winner_method": "pinfall",
        "match_result_display": "Rick Walker def. Killian Brady (w/Rudy Fresno, Noah Brady) by pinfall (09:47)",
        "match_visibility": {
            "hide_from_card": false,
            "hide_summary": false,
            "hide_result": false
        },
        "warnings": [],
        "segment_position": 103,
        "match_id": "da71ca26-f020-4cdc-870f-94c3dd638f91"
    },
    {
        "participants_display": "Adrenaline (Candice Whitehall, Gina Cook w/Tracy Stern) vs Hot Shots (Abigail James, Danielle Marks)",
        "sides": [
            [
                "Adrenaline (Candice Whitehall, Gina Cook w/Tracy Stern)"
            ],
            [
                "Hot Shots (Abigail James, Danielle Marks)"
            ]
        ],
        "match_time": "06:15",
        "match_championship": "",
        "match_class": "singles",
        "winning_side_index": -1,
        "individual_results": {
            "Adrenaline (Candice Whitehall, Gina Cook w/Tracy Stern)": "No Contest",
            "Hot Shots (Abigail James, Danielle Marks)": "No Contest"
        },
        "team_results": {},
        "sync_teams_to_individuals": true,
        "match_result": "",
        "winner_method": "pinfall",
        "match_result_display": "",
        "match_visibility": {
            "hide_from_card": false,
            "hide_summary": false,
            "hide_result": false
        },
        "warnings": [],
        "segment_position": 104,
        "match_id": "6f3eae02-aad1-4302-808c-874d69774049"
    },
    {
        "participants_display": "Arsen vs Tammy Terrel",
        "sides": [
            [
                "Arsen"
            ],
            [
                "Tammy Terrel"
            ]
        ],
        "match_time": "07:51",
        "match_championship": "",
        "match_class": "singles",
        "winning_side_index": 1,
        "individual_results": {
            "Arsen": "Loss",
            "Tammy Terrel": "Win"
        },
        "team_results": {},
        "sync_teams_to_individuals": true,
        "match_result": "Side 2 (Tammy Terrel) wins",
        "winner_method": "pinfall",
        "match_result_display": "Tammy Terrel def. Arsen by pinfall (07:51)",
        "match_visibility": {
            "hide_from_card": false,
            "hide_summary": false,
            "hide_result": false
        },
        "warnings": [],
        "segment_position": 105,
        "match_id": "e7b191e5-2982-4aa2-afb5-f93307db34cf"
    },
    {
        "participants_display": "Johnny Destruction vs Apex Predators (w/Evander Flagg)",
        "sides": [
            [
                "Johnny Destruction"
            ],
            [
                "Apex Predators (w/Evander Flagg)"
            ]
        ],
        "match_time": "07:17",
        "match_championship": "",
        "match_class": "singles",
        "winning_side_index": -1,
        "individual_results": {
            "Johnny Destruction": "No Contest",
            "Apex Predators (w/Evander Flagg)": "No Contest"
        },
        "team_results": {},
        "sync_teams_to_individuals": true,
        "match_result": "",
        "winner_method": "pinfall",
        "match_result_display": "",
        "match_visibility": {
            "hide_from_card": false,
            "hide_summary": false,
            "hide_result": false
        },
        "warnings": [],
        "segment_position": 106,
        "match_id": "13ac9236-e91c-4b5e-b393-362f7ce1b412"
    },
    {
        "participants_display": "7th Circle (Luke Graves, Riddick, Vincent Van Ives) vs Timothy Myers, Knightfall (Chris Davids, John Blair w/Shadowcat)",
        "sides": [
            [
                "7th Circle (Luke Graves, Riddick, Vincent Van Ives)"
            ],
            [
                "Timothy Myers, Knightfall (Chris Davids, John Blair w/Shadowcat)"
            ]
        ],
        "match_time": "16:52",
        "match_championship": "",
        "match_class": "singles",
        "winning_side_index": 0,
        "individual_results": {
            "7th Circle (Luke Graves, Riddick, Vincent Van Ives)": "Win",
            "Timothy Myers, Knightfall (Chris Davids, John Blair w/Shadowcat)": "Loss"
        },
        "team_results": {},
        "sync_teams_to_individuals": true,
        "match_result": "Side 1 (7th Circle (Luke Graves, Riddick, Vincent Van Ives)) wins",
        "winner_method": "pinfall",
        "match_result_display": "7th Circle (Luke Graves, Riddick, Vincent Van Ives) def. Timothy Myers, Knightfall (Chris Davids, John Blair w/Shadowcat) by pinfall (16:52)",
        "match_visibility": {
            "hide_from_card": false,
            "hide_summary": false,
            "hide_result": false
        },
        "warnings": [],
        "segment_position": 107,
        "match_id": "7910278e-b77f-48a6-8b56-2880dafc3982"
    }
]