[
    {
        "participants_display": "Fitzgerald vs Lenny Dennis",
        "sides": [
            [
                "Fitzgerald"
            ],
            [
                "Lenny Dennis"
            ]
        ],
        "match_time": "03:23",
        "match_championship": "",
        "match_class": "singles",
        "winning_side_index": 0,
        "individual_results": {
            "Fitzgerald": "Win",
            "Lenny Dennis": "Loss"
        },
        "team_results": {},
        "sync_teams_to_individuals": true,
        "match_result": "Side 1 (Fitzgerald) wins",
        "winner_method": "pinfall",
        "match_result_display": "Fitzgerald def. Lenny Dennis by pinfall (03:23)",
        "match_visibility": {
            "hide_from_card": true,
            "hide_summary": true,
            "hide_result": false
        },
        "warnings": [],
        "segment_position": 1,
        "match_id": "399e4429-c9a9-45eb-8654-b0c59dba17a2"
    },
    {
        "participants_display": "Don Real vs Rick Walker",
        "sides": [
            [
                "Don Real"
            ],
            [
                "Rick Walker"
            ]
        ],
        "match_time": "03:04",
        "match_championship": "",
        "match_class": "singles",
        "winning_side_index": 1,
        "individual_results": {
            "Don Real": "Loss",
            "Rick Walker": "Win"
        },
        "team_results": {},
        "sync_teams_to_individuals": true,
        "match_result": "Side 2 (Rick Walker) wins",
        "winner_method": "pinfall",
        "match_result_display": "Rick Walker def. Don Real by pinfall (03:04)",
        "match_visibility": {
            "hide_from_card": true,
            "hide_summary": true,
            "hide_result": false
        },
        "warnings": [],
        "segment_position": 2,
        "match_id": "ef8e0f9e-5904-460b-886a-7c33b607de02"
    },
    {
        "participants_display": "Extreme Randy vs Jim Brady",
        "sides": [
            [
                "Extreme Randy"
            ],
            [
                "Jim Brady"
            ]
        ],
        "match_time": "05:49",
        "match_championship": "",
        "match_class": "singles",
        "winning_side_index": 1,
        "individual_results": {
            "Extreme Randy": "Loss",
            "Jim Brady": "Win"
        },
        "team_results": {},
        "sync_teams_to_individuals": true,
        "match_result": "Side 2 (Jim Brady) wins",
        "winner_method": "pinfall",
        "match_result_display": "Jim Brady def. Extreme Randy by pinfall (05:49)",
        "match_visibility": {
            "hide_from_card": true,
            "hide_summary": true,
            "hide_result": false
        },
        "warnings": [],
        "segment_position": 3,
        "match_id": "9f8b91d7-fa1b-4703-a6ef-c53dc597cb2f"
    },
    {
        "participants_display": "The Mad Dogs vs Chris Baer, Eric Baer",
        "sides": [
            [
                "Mad Dog Bark",
                " Mad Dog Bite"
            ],
            [
                "Chris Baer",
                "Eric Baer"
            ]
        ],
        "match_time": "00:48",
        "match_championship": "",
        "match_class": "tag",
        "winning_side_index": 0,
        "individual_results": {
            " Mad Dog Bite": "Win",
            "Chris Baer": "Loss",
            "Eric Baer": "Loss",
            "Mad Dog Bark": "Win"
        },
        "team_results": {
            "The Mad Dogs": "Win"
        },
        "sync_teams_to_individuals": true,
        "match_result": "Side 1 (Mad Dog Bark,  Mad Dog Bite) wins",
        "winner_method": "pinfall",
        "match_result_display": "The Mad Dogs (Mad Dog Bark,  Mad Dog Bite) def. Chris Baer, Eric Baer by pinfall (00:48)",
        "match_visibility": {
            "hide_from_card": false,
            "hide_summary": false,
            "hide_result": false
        },
        "warnings": [],
        "segment_position": 4,
        "match_id": "c34f3907-6c05-4d83-b25a-67aaa62fec7c"
    },
    {
        "participants_display": "Amy D vs Mandy Matthews",
        "sides": [
            [
                "Amy D"
            ],
            [
                "Mandy Matthews"
            ]
        ],
        "match_time": "06:44",
        "match_championship": "",
        "match_class": "singles",
        "winning_side_index": 1,
        "individual_results": {
            "Amy D": "Loss",
            "Mandy Matthews": "Win"
        },
        "team_results": {},
        "sync_teams_to_individuals": true,
        "match_result": "Side 2 (Mandy Matthews) wins",
        "winner_method": "submission",
        "match_result_display": "Mandy Matthews def. Amy D by submission (06:44)",
        "match_visibility": {
            "hide_from_card": false,
            "hide_summary": false,
            "hide_result": false
        },
        "warnings": [],
        "segment_position": 6,
        "match_id": "64169b6c-f9a9-4f08-8a94-021ce7783ff2"
    },
    {
        "participants_display": "Apalachi vs Tom Ham",
        "sides": [
            [
                "Apalachi"
            ],
            [
                "Tom Ham"
            ]
        ],
        "match_time": "03:11",
        "match_championship": "",
        "match_class": "singles",
        "winning_side_index": 0,
        "individual_results": {
            "Apalachi": "Win",
            "Tom Ham": "Loss"
        },
        "team_results": {},
        "sync_teams_to_individuals": true,
        "match_result": "Side 1 (Apalachi) wins",
        "winner_method": "pinfall",
        "match_result_display": "Apalachi def. Tom Ham by pinfall (03:11)",
        "match_visibility": {
            "hide_from_card": false,
            "hide_summary": false,
            "hide_result": false
        },
        "warnings": [],
        "match_id": "be3228b9-e18d-4553-94a9-77c6e374d3c5",
        "segment_position": 8
    },
    {
        "participants_display": "Anastasia Phoenix vs Autumn Chambers",
        "sides": [
            [
                "Anastasia Phoenix"
            ],
            [
                "Autumn Chambers"
            ]
        ],
        "match_time": "14:24",
        "match_championship": "",
        "match_class": "singles",
        "winning_side_index": 0,
        "individual_results": {
            "Anastasia Phoenix": "Win",
            "Autumn Chambers": "Loss"
        },
        "team_results": {},
        "sync_teams_to_individuals": true,
        "match_result": "Side 1 (Anastasia Phoenix) wins",
        "winner_method": "pinfall",
        "match_result_display": "Anastasia Phoenix def. Autumn Chambers by pinfall (14:24)",
        "match_visibility": {
            "hide_from_card": false,
            "hide_summary": false,
            "hide_result": false
        },
        "warnings": [],
        "match_id": "f9afdc52-b55a-4d21-bfb8-a4ebca569cdb",
        "segment_position": 10
    },
    {
        "participants_display": "Amber Sloane vs Apryl Raser vs Kiara Haddad",
        "sides": [
            [
                "Amber Sloane"
            ],
            [
                "Apryl Raser"
            ],
            [
                "Kiara Haddad"
            ]
        ],
        "match_time": "10:45",
        "match_championship": "",
        "match_class": "singles",
        "winning_side_index": 2,
        "individual_results": {
            "Amber Sloane": "Loss",
            "Kiara Haddad": "Win",
            "Apryl Raser": "No Contest"
        },
        "team_results": {},
        "sync_teams_to_individuals": true,
        "match_result": "Side 3 (Kiara Haddad) wins",
        "winner_method": "pinfall",
        "match_result_display": "Kiara Haddad def. Amber Sloane, Apryl Raser by pinfall (10:45)",
        "match_visibility": {
            "hide_from_card": false,
            "hide_summary": false,
            "hide_result": false
        },
        "warnings": [],
        "match_id": "a55ee0f1-29d2-4d36-8f22-5ee7d7e732ba",
        "segment_position": 12
    },
    {
        "participants_display": "Fox Kelly vs Frank Roberts vs Jamey Kingston vs Joe Shore vs Payne vs TJ Valentine",
        "sides": [
            [
                "Fox Kelly"
            ],
            [
                "Frank Roberts"
            ],
            [
                "Jamey Kingston"
            ],
            [
                "Joe Shore"
            ],
            [
                "Payne"
            ],
            [
                "TJ Valentine"
            ]
        ],
        "match_time": "15:14",
        "match_championship": "",
        "match_class": "singles",
        "winning_side_index": 2,
        "individual_results": {
            "Jamey Kingston": "Win",
            "TJ Valentine": "Loss",
            "Joe Shore": "No Contest",
            "Frank Roberts": "No Contest",
            "Fox Kelly": "No Contest",
            "Payne": "No Contest"
        },
        "team_results": {},
        "sync_teams_to_individuals": true,
        "match_result": "Side 3 (Jamey Kingston) wins",
        "winner_method": "pinfall",
        "match_result_display": "Jamey Kingston def. Fox Kelly, Frank Roberts, Joe Shore, Payne, TJ Valentine by pinfall (15:14)",
        "match_visibility": {
            "hide_from_card": false,
            "hide_summary": false,
            "hide_result": false
        },
        "warnings": [],
        "match_id": "6ce87a32-3f0d-43e4-8e00-e911373db100",
        "segment_position": 14
    },
    {
        "participants_display": "The Happy Faces vs Sacred Dragons",
        "sides": [
            [
                "Happy Jack",
                " Happy Sam"
            ],
            [
                "Purple Rime",
                "Red Mist"
            ]
        ],
        "match_time": "18:41",
        "match_championship": "",
        "match_class": "tag",
        "winning_side_index": 0,
        "individual_results": {
            "Happy Jack": "Win",
            " Happy Sam": "Win",
            "Purple Rime": "Loss",
            "Red Mist": "Loss"
        },
        "team_results": {
            "The Happy Faces": "Win",
            "Sacred Dragons": "Loss"
        },
        "sync_teams_to_individuals": true,
        "match_result": "Side 1 (Happy Jack,  Happy Sam) wins",
        "winner_method": "disqualification",
        "match_result_display": "The Happy Faces (Happy Jack,  Happy Sam) def. Sacred Dragons (Purple Rime, Red Mist) by disqualification (18:41)",
        "match_visibility": {
            "hide_from_card": false,
            "hide_summary": false,
            "hide_result": false
        },
        "warnings": [],
        "match_id": "860a022d-074d-4b77-8f3a-4e87f66c1194",
        "segment_position": 16
    }
]