[
    {
        "position": 100,
        "type": "Match",
        "header": "Dark Match",
        "participants_display": "Amy D vs Naomi Tanaka",
        "sides": [
            [
                "Amy D"
            ],
            [
                "Naomi Tanaka"
            ]
        ],
        "match_result": "Side 2 (Naomi Tanaka) wins",
        "match_result_display": "Naomi Tanaka def. Amy D by pinfall (02:08)",
        "match_id": "1987cda0-7161-478f-9c13-c5f3f9f418f7",
        "summary_file": "/home/gary/wma/includes/tmp/mayhem-56/match_dark-match.md"
    },
    {
        "position": 101,
        "type": "Match",
        "header": "Dark Match",
        "participants_display": "Jenna Powell, Tasha Barnes vs Brianna Caldwell, Cassidy Quinn",
        "sides": [
            [
                "Jenna Powell, Tasha Barnes"
            ],
            [
                "Brianna Caldwell",
                "Cassidy Quinn"
            ]
        ],
        "match_result": "",
        "match_result_display": "",
        "match_id": "836bc8a5-a152-4376-bb4f-6cdd92e40591",
        "summary_file": "/home/gary/wma/includes/tmp/mayhem-56/match_dark-match.md"
    },
    {
        "position": 102,
        "type": "Match",
        "header": "Trios Grudge Match",
        "participants_display": "Dominic Black, Edmund Crowley, Hugo Royce vs Jack Preston, Kaito Tanaka, Tyler Vaughn",
        "sides": [
            [
                "Dominic Black",
                "Edmund Crowley",
                "Hugo Royce"
            ],
            [
                "Jack Preston",
                "Kaito Tanaka",
                "Tyler Vaughn"
            ]
        ],
        "match_result": "Side 2 (Jack Preston, Kaito Tanaka, Tyler Vaughn) wins",
        "match_result_display": "Jack Preston, Kaito Tanaka, Tyler Vaughn def. Dominic Black, Edmund Crowley, Hugo Royce by disqualification (14:10)",
        "match_id": "fe0cae1b-8756-4291-8908-13d59101c25b",
        "summary_file": "/home/gary/wma/includes/tmp/mayhem-56/match_trios-grudge-match.md"
    },
    {
        "position": 103,
        "type": "Match",
        "header": "Interstate Tournament Opening Round Match",
        "participants_display": "Killian Brady (w/Rudy Fresno, Noah Brady) vs Rick Walker",
        "sides": [
            [
                "Killian Brady (w/Rudy Fresno, Noah Brady)"
            ],
            [
                "Rick Walker"
            ]
        ],
        "match_result": "Side 2 (Rick Walker) wins",
        "match_result_display": "Rick Walker def. Killian Brady (w/Rudy Fresno, Noah Brady) by pinfall (09:47)",
        "match_id": "da71ca26-f020-4cdc-870f-94c3dd638f91",
        "summary_file": "/home/gary/wma/includes/tmp/mayhem-56/match_interstate-tournament-opening-round-match.md"
    },
    {
        "position": 104,
        "type": "Match",
        "header": "Singles Match",
        "participants_display": "Adrenaline (Candice Whitehall, Gina Cook w/Tracy Stern) vs Hot Shots (Abigail James, Danielle Marks)",
        "sides": [
            [
                "Adrenaline (Candice Whitehall, Gina Cook w/Tracy Stern)"
            ],
            [
                "Hot Shots (Abigail James, Danielle Marks)"
            ]
        ],
        "match_result": "",
        "match_result_display": "",
        "match_id": "6f3eae02-aad1-4302-808c-874d69774049",
        "summary_file": "/home/gary/wma/includes/tmp/mayhem-56/match_singles-match.md"
    },
    {
        "position": 105,
        "type": "Match",
        "header": "Wildcard Tournament Opening Round Match",
        "participants_display": "Arsen vs Tammy Terrel",
        "sides": [
            [
                "Arsen"
            ],
            [
                "Tammy Terrel"
            ]
        ],
        "match_result": "Side 2 (Tammy Terrel) wins",
        "match_result_display": "Tammy Terrel def. Arsen by pinfall (07:51)",
        "match_id": "e7b191e5-2982-4aa2-afb5-f93307db34cf",
        "summary_file": "/home/gary/wma/includes/tmp/mayhem-56/match_wildcard-tournament-opening-round-match.md"
    },
    {
        "position": 106,
        "type": "Match",
        "header": "Handicapped Match",
        "participants_display": "Johnny Destruction vs Apex Predators (w/Evander Flagg)",
        "sides": [
            [
                "Johnny Destruction"
            ],
            [
                "Apex Predators (w/Evander Flagg)"
            ]
        ],
        "match_result": "",
        "match_result_display": "",
        "match_id": "13ac9236-e91c-4b5e-b393-362f7ce1b412",
        "summary_file": "/home/gary/wma/includes/tmp/mayhem-56/match_handicapped-match.md"
    },
    {
        "position": 107,
        "type": "Match",
        "header": "Main Event - Trios Grudge Match",
        "participants_display": "7th Circle (Luke Graves, Riddick, Vincent Van Ives) vs Timothy Myers, Knightfall (Chris Davids, John Blair w/Shadowcat)",
        "sides": [
            [
                "7th Circle (Luke Graves, Riddick, Vincent Van Ives)"
            ],
            [
                "Timothy Myers, Knightfall (Chris Davids, John Blair w/Shadowcat)"
            ]
        ],
        "match_result": "Side 1 (7th Circle (Luke Graves, Riddick, Vincent Van Ives)) wins",
        "match_result_display": "7th Circle (Luke Graves, Riddick, Vincent Van Ives) def. Timothy Myers, Knightfall (Chris Davids, John Blair w/Shadowcat) by pinfall (16:52)",
        "match_id": "7910278e-b77f-48a6-8b56-2880dafc3982",
        "summary_file": "/home/gary/wma/includes/tmp/mayhem-56/match_main-event-trios-grudge-match.md"
    }
]