[
    {
        "position": 100,
        "type": "Match",
        "header": "WMA Television Championship",
        "participants_display": "Rob Johnson (w/Adrian Waters) © vs Bobby Biceps",
        "sides": [
            [
                "Rob Johnson (w/Adrian Waters) ©"
            ],
            [
                "Bobby Biceps"
            ]
        ],
        "match_result": "Side 1 (Rob Johnson (w/Adrian Waters) ©) wins",
        "match_result_display": "Rob Johnson (w/Adrian Waters) © def. Bobby Biceps by pinfall (17:02)",
        "match_id": "c8e41e97-960d-435f-93da-3fc175b853b2",
        "summary_file": "/home/gary/wma/includes/tmp/mayhem-59/match_wma-television-championship.md"
    },
    {
        "position": 101,
        "type": "Match",
        "header": "Singles Match",
        "participants_display": "Adrenaline (Candice Whitehall, Gina Cook w/Tracy Stern) vs Mandy Matthews and Missy Wallace",
        "sides": [
            [
                "Adrenaline (Candice Whitehall, Gina Cook w/Tracy Stern)"
            ],
            [
                "Mandy Matthews and Missy Wallace"
            ]
        ],
        "match_result": "Side 2 (Mandy Matthews and Missy Wallace) wins",
        "match_result_display": "Mandy Matthews and Missy Wallace def. Adrenaline (Candice Whitehall, Gina Cook w/Tracy Stern) by pinfall (11:37)",
        "match_id": "d26c9a9c-6bb1-4b2a-9357-6d120950f94d",
        "summary_file": "/home/gary/wma/includes/tmp/mayhem-59/match_singles-match.md"
    },
    {
        "position": 102,
        "type": "Match",
        "header": "Singles Match",
        "participants_display": "Jamey Kingston (w/Adrian Waters) vs TJ Valentine",
        "sides": [
            [
                "Jamey Kingston (w/Adrian Waters)"
            ],
            [
                "TJ Valentine"
            ]
        ],
        "match_result": "Side 1 (Jamey Kingston (w/Adrian Waters)) wins",
        "match_result_display": "Jamey Kingston (w/Adrian Waters) def. TJ Valentine by pinfall (08:45)",
        "match_id": "e5d3e582-30cd-4238-b910-8c33a66ac4c3",
        "summary_file": "/home/gary/wma/includes/tmp/mayhem-59/match_singles-match.md"
    },
    {
        "position": 103,
        "type": "Match",
        "header": "Wildcard Tournament Opening Round Match",
        "participants_display": "Brenda Marshall vs Olivia Winters",
        "sides": [
            [
                "Brenda Marshall"
            ],
            [
                "Olivia Winters"
            ]
        ],
        "match_result": "Side 2 (Olivia Winters) wins",
        "match_result_display": "Olivia Winters def. Brenda Marshall by submission (14:01)",
        "match_id": "c681553c-b1e9-4565-96e7-0c54d66e3861",
        "summary_file": "/home/gary/wma/includes/tmp/mayhem-59/match_wildcard-tournament-opening-round-match.md"
    },
    {
        "position": 104,
        "type": "Match",
        "header": "Interstate Tournament Opening Round Match",
        "participants_display": "Edmund Crowley vs Johnny Destruction",
        "sides": [
            [
                "Edmund Crowley"
            ],
            [
                "Johnny Destruction"
            ]
        ],
        "match_result": "Side 2 (Johnny Destruction) wins",
        "match_result_display": "Johnny Destruction def. Edmund Crowley by pinfall (13:29)",
        "match_id": "ced2c812-4521-4bd2-940c-46557084cf4f",
        "summary_file": "/home/gary/wma/includes/tmp/mayhem-59/match_interstate-tournament-opening-round-match.md"
    },
    {
        "position": 105,
        "type": "Match",
        "header": "Main Event - WMA Tag-Team Championship",
        "participants_display": "Knightfall (Chris Davids, John Blair w/Shadowcat) (c) vs Pumas (Killian and Noah Brady w/Rudy Fresno)",
        "sides": [
            [
                "Knightfall (Chris Davids, John Blair w/Shadowcat) (c)"
            ],
            [
                "Pumas (Killian and Noah Brady w/Rudy Fresno)"
            ]
        ],
        "match_result": "",
        "match_result_display": "",
        "match_id": "177abd64-92fb-41dd-ba63-372202537ce8",
        "summary_file": "/home/gary/wma/includes/tmp/mayhem-59/match_main-event-wma-tag-team-championship.md"
    },
    {
        "position": 106,
        "type": "Match",
        "header": "Dark Match",
        "participants_display": "Howard Marsh vs Rage Blackwolf",
        "sides": [
            [
                "Howard Marsh"
            ],
            [
                "Rage Blackwolf"
            ]
        ],
        "match_result": "Side 2 (Rage Blackwolf) wins",
        "match_result_display": "Rage Blackwolf def. Howard Marsh by pinfall (01:53)",
        "match_id": "f8de8ac5-a68d-473a-a509-ce5c588e8b39",
        "summary_file": "/home/gary/wma/includes/tmp/mayhem-59/match_dark-match.md"
    },
    {
        "position": 107,
        "type": "Match",
        "header": "Dark Match",
        "participants_display": "Don Real vs Fitzgerald",
        "sides": [
            [
                "Don Real"
            ],
            [
                "Fitzgerald"
            ]
        ],
        "match_result": "Side 2 (Fitzgerald) wins",
        "match_result_display": "Fitzgerald def. Don Real by pinfall (04:32)",
        "match_id": "7b9a067e-f998-4e91-b82f-38b575739454",
        "summary_file": "/home/gary/wma/includes/tmp/mayhem-59/match_dark-match.md"
    },
    {
        "position": 108,
        "type": "Match",
        "header": "Dark Match",
        "participants_display": "Penny Bell, Krystal Schmidt vs Brianna Caldwell, Cassidy Quinn",
        "sides": [
            [
                "Penny Bell, Krystal Schmidt"
            ],
            [
                "Brianna Caldwell",
                "Cassidy Quinn"
            ]
        ],
        "match_result": "",
        "match_result_display": "",
        "match_id": "21caf756-3066-4756-ac08-bde50566a0cb",
        "summary_file": "/home/gary/wma/includes/tmp/mayhem-59/match_dark-match.md"
    }
]