[
    {
        "position": 1,
        "type": "Match",
        "header": "Women's Battle Royal",
        "participants_display": "Amber Sloane vs Arsen vs Dana Diamond vs Gina Cook vs Jackie Scott vs Mandy Matthews vs Missy Wallace vs Officer Cass Evans vs Rita Gomez vs Tabitha Ray",
        "sides": [
            [
                "Amber Sloane"
            ],
            [
                "Arsen"
            ],
            [
                "Dana Diamond"
            ],
            [
                "Gina Cook"
            ],
            [
                "Jackie Scott"
            ],
            [
                "Mandy Matthews"
            ],
            [
                "Missy Wallace"
            ],
            [
                "Officer Cass Evans"
            ],
            [
                "Rita Gomez"
            ],
            [
                "Tabitha Ray"
            ]
        ],
        "match_result": "",
        "match_result_display": "",
        "match_id": "cab7e037-3374-4dd4-bc7c-d747be591a5d",
        "summary_file": "/home/gary/wma/includes/tmp/mayhem-39/match_women-s-battle-royal.md"
    },
    {
        "position": 2,
        "type": "Match",
        "header": "Special Match",
        "participants_display": "Robert Swanson, Zach Gordon vs The Sacred Dragons",
        "sides": [
            [
                "Robert Swanson",
                "Zach Gordon"
            ],
            [
                "The Sacred Dragons"
            ]
        ],
        "match_result": "Side 2 (The Sacred Dragons) wins",
        "match_result_display": "The Sacred Dragons def. Robert Swanson, Zach Gordon by pinfall (09:23)",
        "match_id": "a31ff8af-5b02-44b8-945c-7109a0db4d4b",
        "summary_file": "/home/gary/wma/includes/tmp/mayhem-39/match_special-match.md"
    },
    {
        "position": 3,
        "type": "Match",
        "header": "Singles Match",
        "participants_display": "Carla Rivera vs The Moon Child",
        "sides": [
            [
                "Carla Rivera"
            ],
            [
                "The Moon Child"
            ]
        ],
        "match_result": "Side 2 (The Moon Child) wins",
        "match_result_display": "The Moon Child def. Carla Rivera by pinfall (06:05)",
        "match_id": "c62cfb16-7111-4c06-aeea-4721669e66c3",
        "summary_file": "/home/gary/wma/includes/tmp/mayhem-39/match_singles-match.md"
    },
    {
        "position": 4,
        "type": "Match",
        "header": "Special Match",
        "participants_display": "Alexander Midas, Bobby Biceps vs The Mis-Fitz",
        "sides": [
            [
                "Alexander Midas",
                "Bobby Biceps"
            ],
            [
                "The Mis-Fitz"
            ]
        ],
        "match_result": "Side 2 (The Mis-Fitz) wins",
        "match_result_display": "The Mis-Fitz def. Alexander Midas, Bobby Biceps by pinfall (12:35)",
        "match_id": "2ded6a3d-ede5-4680-badb-26eb3b2474ec",
        "summary_file": "/home/gary/wma/includes/tmp/mayhem-39/match_special-match.md"
    },
    {
        "position": 5,
        "type": "Match",
        "header": "Tag-Team Match",
        "participants_display": "Chris Davids, John Blair vs Killian Brady, Noah Brady",
        "sides": [
            [
                "Chris Davids",
                "John Blair"
            ],
            [
                "Killian Brady",
                "Noah Brady"
            ]
        ],
        "match_result": "",
        "match_result_display": "",
        "match_id": "8e313dac-a7be-480d-a5bd-fd4f3cf2e85b",
        "summary_file": "/home/gary/wma/includes/tmp/mayhem-39/match_tag-team-match.md"
    },
    {
        "position": 6,
        "type": "Match",
        "header": "Main Event - Tag-Team Special Attraction",
        "participants_display": "Mad Dog Bark, Mad Dog Bite vs The Walkers",
        "sides": [
            [
                "Mad Dog Bark",
                "Mad Dog Bite"
            ],
            [
                "The Walkers"
            ]
        ],
        "match_result": "",
        "match_result_display": "",
        "match_id": "1c189f34-67c3-45fb-a600-2290d4faa062",
        "summary_file": "/home/gary/wma/includes/tmp/mayhem-39/match_main-event-tag-team-special-attraction.md"
    },
    {
        "position": 7,
        "type": "Match",
        "header": "Dark Match",
        "participants_display": "Jim Brady, Rob Johnson vs Jonathan Cruz, Rick Soto",
        "sides": [
            [
                "Jim Brady",
                "Rob Johnson"
            ],
            [
                "Jonathan Cruz, Rick Soto"
            ]
        ],
        "match_result": "",
        "match_result_display": "",
        "match_id": "6d20f737-e8ba-4643-8505-c271bd87d045",
        "summary_file": "/home/gary/wma/includes/tmp/mayhem-39/match_dark-match.md"
    },
    {
        "position": 8,
        "type": "Match",
        "header": "Dark Match",
        "participants_display": "Abigail James, Danielle Marks vs Jennifer Gatewood, Laura Perry",
        "sides": [
            [
                "Abigail James",
                "Danielle Marks"
            ],
            [
                "Jennifer Gatewood, Laura Perry"
            ]
        ],
        "match_result": "",
        "match_result_display": "",
        "match_id": "2e98657b-2675-4e5a-997c-9e40e4c42835",
        "summary_file": "/home/gary/wma/includes/tmp/mayhem-39/match_dark-match.md"
    },
    {
        "position": 9,
        "type": "Match",
        "header": "Dark Match",
        "participants_display": "Elvin Spinks vs TJ Valentine",
        "sides": [
            [
                "Elvin Spinks"
            ],
            [
                "TJ Valentine"
            ]
        ],
        "match_result": "Side 2 (TJ Valentine) wins",
        "match_result_display": "TJ Valentine def. Elvin Spinks by submission (03:27)",
        "match_id": "c2938ff6-9c71-4f5b-9657-a070b0567bf6",
        "summary_file": "/home/gary/wma/includes/tmp/mayhem-39/match_dark-match.md"
    }
]