[
    {
        "participants_display": "Candice Whitehall, Gina Cook vs Eunice Martinez, Janet Pitman",
        "sides": [
            [
                "Candice Whitehall",
                "Gina Cook"
            ],
            [
                "Eunice Martinez, Janet Pitman"
            ]
        ],
        "match_time": "03:18",
        "match_championship": "",
        "match_class": "handicap",
        "winning_side_index": -1,
        "individual_results": {
            "Candice Whitehall": "No Contest",
            "Gina Cook": "No Contest",
            "Eunice Martinez, Janet Pitman": "No Contest"
        },
        "team_results": {
            "Adrenaline": "No Contest"
        },
        "sync_teams_to_individuals": true,
        "match_result": "",
        "winner_method": "pinfall",
        "match_result_display": "",
        "match_visibility": {
            "hide_from_card": true,
            "hide_summary": true,
            "hide_result": false
        },
        "warnings": [],
        "segment_position": 1,
        "match_id": "2cf19e2b-3811-49cf-b8ad-1064bf67c90f"
    },
    {
        "participants_display": "Emily Anderson vs Katy Kelly",
        "sides": [
            [
                "Emily Anderson"
            ],
            [
                "Katy Kelly"
            ]
        ],
        "match_time": "02:28",
        "match_championship": "",
        "match_class": "singles",
        "winning_side_index": 1,
        "individual_results": {
            "Emily Anderson": "Loss",
            "Katy Kelly": "Win"
        },
        "team_results": {},
        "sync_teams_to_individuals": true,
        "match_result": "Side 2 (Katy Kelly) wins",
        "winner_method": "pinfall",
        "match_result_display": "Katy Kelly def. Emily Anderson by pinfall (02:28)",
        "match_visibility": {
            "hide_from_card": true,
            "hide_summary": true,
            "hide_result": false
        },
        "warnings": [],
        "segment_position": 2,
        "match_id": "ee698d3f-4cc8-4e0b-b5f9-a06fa2b25b1a"
    },
    {
        "participants_display": "Chris Davids, John Blair vs Lenny Dennis, Tom Ham",
        "sides": [
            [
                "Chris Davids",
                "John Blair"
            ],
            [
                "Lenny Dennis",
                "Tom Ham"
            ]
        ],
        "match_time": "03:12",
        "match_championship": "",
        "match_class": "tag",
        "winning_side_index": -1,
        "individual_results": {
            "Chris Davids": "No Contest",
            "John Blair": "No Contest",
            "Lenny Dennis": "No Contest",
            "Tom Ham": "No Contest"
        },
        "team_results": {
            "Knightfall": "No Contest"
        },
        "sync_teams_to_individuals": true,
        "match_result": "",
        "winner_method": "pinfall",
        "match_result_display": "",
        "match_visibility": {
            "hide_from_card": true,
            "hide_summary": true,
            "hide_result": false
        },
        "warnings": [],
        "segment_position": 3,
        "match_id": "ff55b02a-be6a-4644-bfbd-10c53b1d9df7"
    },
    {
        "participants_display": "Fox Kelly vs KC Shore",
        "sides": [
            [
                "Fox Kelly"
            ],
            [
                "KC Shore"
            ]
        ],
        "match_time": "06:26",
        "match_championship": "",
        "match_class": "singles",
        "winning_side_index": 1,
        "individual_results": {
            "Fox Kelly": "Loss",
            "KC Shore": "Win"
        },
        "team_results": {},
        "sync_teams_to_individuals": true,
        "match_result": "Side 2 (KC Shore) wins",
        "winner_method": "knockout",
        "match_result_display": "KC Shore def. Fox Kelly by knockout (06:26)",
        "match_visibility": {
            "hide_from_card": false,
            "hide_summary": false,
            "hide_result": false
        },
        "warnings": [],
        "segment_position": 4,
        "match_id": "6201f8f7-2495-41ea-9952-2011c8a2d072"
    },
    {
        "participants_display": "Carla Rivera, Jackie Scott vs Moon Child, Tabitha Ray",
        "sides": [
            [
                "Carla Rivera",
                "Jackie Scott"
            ],
            [
                "Moon Child",
                "Tabitha Ray"
            ]
        ],
        "match_time": "08:11",
        "match_championship": "",
        "match_class": "tag",
        "winning_side_index": -1,
        "individual_results": {
            "Carla Rivera": "No Contest",
            "Jackie Scott": "No Contest",
            "Moon Child": "No Contest",
            "Tabitha Ray": "No Contest"
        },
        "team_results": {
            "Leather Angels": "No Contest",
            "Moon Ray": "No Contest"
        },
        "sync_teams_to_individuals": true,
        "match_result": "",
        "winner_method": "pinfall",
        "match_result_display": "",
        "match_visibility": {
            "hide_from_card": false,
            "hide_summary": false,
            "hide_result": false
        },
        "warnings": [],
        "segment_position": 5,
        "match_id": "bdec34c7-7bb4-499e-8dfb-4ebc48c3b2e6"
    },
    {
        "participants_display": "Alexander Midas vs TJ Valentine",
        "sides": [
            [
                "Alexander Midas"
            ],
            [
                "TJ Valentine"
            ]
        ],
        "match_time": "11:29",
        "match_championship": "",
        "match_class": "singles",
        "winning_side_index": 0,
        "individual_results": {
            "Alexander Midas": "Win",
            "TJ Valentine": "Loss"
        },
        "team_results": {},
        "sync_teams_to_individuals": true,
        "match_result": "Side 1 (Alexander Midas) wins",
        "winner_method": "pinfall",
        "match_result_display": "Alexander Midas def. TJ Valentine by pinfall (11:29)",
        "match_visibility": {
            "hide_from_card": false,
            "hide_summary": false,
            "hide_result": false
        },
        "warnings": [],
        "segment_position": 6,
        "match_id": "ae9862e6-626b-4f5c-80f1-cab390563f2f"
    },
    {
        "participants_display": "Da Bad News Baers vs The Walkers (\"Slick\" Rick Walker, Shadow Walker)",
        "sides": [
            [
                "Da Bad News Baers"
            ],
            [
                "The Walkers (\"Slick\" Rick Walker, Shadow Walker)"
            ]
        ],
        "match_time": "03:16",
        "match_championship": "",
        "match_class": "singles",
        "winning_side_index": 1,
        "individual_results": {
            "Da Bad News Baers": "Loss",
            "The Walkers (\"Slick\" Rick Walker, Shadow Walker)": "Win"
        },
        "team_results": {},
        "sync_teams_to_individuals": true,
        "match_result": "Side 2 (The Walkers (\"Slick\" Rick Walker, Shadow Walker)) wins",
        "winner_method": "pinfall",
        "match_result_display": "The Walkers (\"Slick\" Rick Walker, Shadow Walker) def. Da Bad News Baers by pinfall (03:16)",
        "match_visibility": {
            "hide_from_card": false,
            "hide_summary": false,
            "hide_result": false
        },
        "warnings": [],
        "segment_position": 7,
        "match_id": "8b4d067f-e084-491a-80d8-5603ece69ebf"
    },
    {
        "participants_display": "Dana Diamond vs Tammy Terrel",
        "sides": [
            [
                "Dana Diamond"
            ],
            [
                "Tammy Terrel"
            ]
        ],
        "match_time": "13:05",
        "match_championship": "",
        "match_class": "singles",
        "winning_side_index": 0,
        "individual_results": {
            "Dana Diamond": "Win",
            "Tammy Terrel": "Loss"
        },
        "team_results": {},
        "sync_teams_to_individuals": true,
        "match_result": "Side 1 (Dana Diamond) wins",
        "winner_method": "pinfall",
        "match_result_display": "Dana Diamond def. Tammy Terrel by pinfall (13:05)",
        "match_visibility": {
            "hide_from_card": false,
            "hide_summary": false,
            "hide_result": false
        },
        "warnings": [],
        "segment_position": 8,
        "match_id": "61beb274-945d-44a3-9222-942bfa12896e"
    },
    {
        "participants_display": "Apalachi vs Johnny Destruction",
        "sides": [
            [
                "Apalachi"
            ],
            [
                "Johnny Destruction"
            ]
        ],
        "match_time": "11:20",
        "match_championship": "",
        "match_class": "singles",
        "winning_side_index": 1,
        "individual_results": {
            "Apalachi": "Loss",
            "Johnny Destruction": "Win"
        },
        "team_results": {},
        "sync_teams_to_individuals": true,
        "match_result": "Side 2 (Johnny Destruction) wins",
        "winner_method": "pinfall",
        "match_result_display": "Johnny Destruction def. Apalachi by pinfall (11:20)",
        "match_visibility": {
            "hide_from_card": false,
            "hide_summary": false,
            "hide_result": false
        },
        "warnings": [],
        "segment_position": 9,
        "match_id": "a8db61a7-0fd5-49bc-be34-aa005267f583"
    },
    {
        "participants_display": "Fitzgerald (c) vs Bobby Biceps",
        "sides": [
            [
                "Fitzgerald (c)"
            ],
            [
                "Bobby Biceps"
            ]
        ],
        "match_time": "14:44",
        "match_championship": "wma-television-championship-73c8",
        "match_class": "singles",
        "winning_side_index": 0,
        "individual_results": {
            "Fitzgerald (c)": "Win",
            "Bobby Biceps": "Loss"
        },
        "team_results": {},
        "sync_teams_to_individuals": true,
        "match_result": "Side 1 (Fitzgerald (c)) wins",
        "winner_method": "disqualification",
        "match_result_display": "Fitzgerald (c) def. Bobby Biceps by disqualification (14:44)",
        "match_visibility": {
            "hide_from_card": false,
            "hide_summary": false,
            "hide_result": false
        },
        "warnings": [],
        "segment_position": 10,
        "match_id": "262bff99-0392-453a-ae4d-c0927d62ce30"
    }
]