[
    {
        "participants_display": "Don Real vs Extreme Randy",
        "sides": [
            [
                "Don Real"
            ],
            [
                "Extreme Randy"
            ]
        ],
        "match_time": "04:21",
        "match_championship": "",
        "match_class": "singles",
        "winning_side_index": 1,
        "individual_results": {
            "Don Real": "Loss",
            "Extreme Randy": "Win"
        },
        "team_results": {},
        "sync_teams_to_individuals": true,
        "match_result": "Side 2 (Extreme Randy) wins",
        "winner_method": "pinfall",
        "match_result_display": "Extreme Randy def. Don Real by pinfall (04:21)",
        "match_visibility": {
            "hide_from_card": true,
            "hide_summary": true,
            "hide_result": false
        },
        "warnings": [],
        "match_id": "ea773772-8e38-4bad-aef3-925a7b8ef1b4",
        "segment_position": 1
    },
    {
        "participants_display": "Cora Quinn vs Mandy Matthews",
        "sides": [
            [
                "Cora Quinn"
            ],
            [
                "Mandy Matthews"
            ]
        ],
        "match_time": "06:52",
        "match_championship": "",
        "match_class": "singles",
        "winning_side_index": 1,
        "individual_results": {
            "Cora Quinn": "Loss",
            "Mandy Matthews": "Win"
        },
        "team_results": {},
        "sync_teams_to_individuals": true,
        "match_result": "Side 2 (Mandy Matthews) wins",
        "winner_method": "pinfall",
        "match_result_display": "Mandy Matthews def. Cora Quinn by pinfall (06:52)",
        "match_visibility": {
            "hide_from_card": true,
            "hide_summary": true,
            "hide_result": false
        },
        "warnings": [],
        "match_id": "bbea2bf4-6c48-4d53-adc5-ecaa4d536253",
        "segment_position": 2
    },
    {
        "participants_display": "Amber Sloane vs Amy D",
        "sides": [
            [
                "Amber Sloane"
            ],
            [
                "Amy D"
            ]
        ],
        "match_time": "02:48",
        "match_championship": "",
        "match_class": "singles",
        "winning_side_index": 0,
        "individual_results": {
            "Amber Sloane": "Win",
            "Amy D": "Loss"
        },
        "team_results": {},
        "sync_teams_to_individuals": true,
        "match_result": "Side 1 (Amber Sloane) wins",
        "winner_method": "pinfall",
        "match_result_display": "Amber Sloane def. Amy D by pinfall (02:48)",
        "match_visibility": {
            "hide_from_card": true,
            "hide_summary": true,
            "hide_result": false
        },
        "warnings": [],
        "match_id": "76220282-c305-40fd-9a2f-e2a702e7a278",
        "segment_position": 3
    },
    {
        "participants_display": "Sacred Dragons vs Chris Baer, Eric Baer",
        "sides": [
            [
                "Purple Rime",
                "Red Mist"
            ],
            [
                "Chris Baer",
                "Eric Baer"
            ]
        ],
        "match_time": "04:33",
        "match_championship": "",
        "match_class": "tag",
        "winning_side_index": 0,
        "individual_results": {
            "Purple Rime": "Win",
            "Red Mist": "Win",
            "Chris Baer": "Loss",
            "Eric Baer": "Loss"
        },
        "team_results": {
            "Sacred Dragons": "Win"
        },
        "sync_teams_to_individuals": true,
        "match_result": "Side 1 (Purple Rime, Red Mist) wins",
        "winner_method": "pinfall",
        "match_result_display": "Sacred Dragons (Purple Rime, Red Mist) def. Chris Baer, Eric Baer by pinfall (04:33)",
        "match_visibility": {
            "hide_from_card": false,
            "hide_summary": false,
            "hide_result": false
        },
        "warnings": [],
        "match_id": "46fcdb74-be4d-4bf0-b832-89c16fe5e5d8",
        "segment_position": 4
    },
    {
        "participants_display": "Apalachi vs Bill Long",
        "sides": [
            [
                "Apalachi"
            ],
            [
                "Bill Long"
            ]
        ],
        "match_time": "02:56",
        "match_championship": "",
        "match_class": "singles",
        "winning_side_index": 0,
        "individual_results": {
            "Apalachi": "Win",
            "Bill Long": "Loss"
        },
        "team_results": {},
        "sync_teams_to_individuals": true,
        "match_result": "Side 1 (Apalachi) wins",
        "winner_method": "pinfall",
        "match_result_display": "Apalachi def. Bill Long by pinfall (02:56)",
        "match_visibility": {
            "hide_from_card": false,
            "hide_summary": false,
            "hide_result": false
        },
        "warnings": [],
        "match_id": "a2c91e65-09c0-4c30-beed-da9d13891e6a",
        "segment_position": 6
    },
    {
        "participants_display": "Adrenaline vs Arsen, Missy Wallace",
        "sides": [
            [
                "Candice Whitehall",
                " Gina Cook"
            ],
            [
                "Arsen",
                "Missy Wallace"
            ]
        ],
        "match_time": "08:01",
        "match_championship": "",
        "match_class": "tag",
        "winning_side_index": 0,
        "individual_results": {
            "Candice Whitehall": "Win",
            " Gina Cook": "Win",
            "Arsen": "Loss",
            "Missy Wallace": "Loss"
        },
        "team_results": {
            "Adrenaline": "Win"
        },
        "sync_teams_to_individuals": true,
        "match_result": "Side 1 (Candice Whitehall,  Gina Cook) wins",
        "winner_method": "pinfall",
        "match_result_display": "Adrenaline (Candice Whitehall,  Gina Cook) def. Arsen, Missy Wallace by pinfall (08:01)",
        "match_visibility": {
            "hide_from_card": false,
            "hide_summary": false,
            "hide_result": false
        },
        "warnings": [],
        "match_id": "205e02b1-2ccd-4b74-9e36-c97919232b32",
        "segment_position": 8
    },
    {
        "participants_display": "Anastasia Phoenix vs Katy Kelly",
        "sides": [
            [
                "Anastasia Phoenix"
            ],
            [
                "Katy Kelly"
            ]
        ],
        "match_time": "12:27",
        "match_championship": "",
        "match_class": "singles",
        "winning_side_index": 0,
        "individual_results": {
            "Anastasia Phoenix": "Win",
            "Katy Kelly": "Loss"
        },
        "team_results": {},
        "sync_teams_to_individuals": true,
        "match_result": "Side 1 (Anastasia Phoenix) wins",
        "winner_method": "pinfall",
        "match_result_display": "Anastasia Phoenix def. Katy Kelly by pinfall (12:27)",
        "match_visibility": {
            "hide_from_card": false,
            "hide_summary": false,
            "hide_result": false
        },
        "warnings": [],
        "match_id": "e0a6d70c-907c-45d2-8888-1f3562d2197b",
        "segment_position": 9
    },
    {
        "participants_display": "Fitzgerald vs Killian Brady",
        "sides": [
            [
                "Fitzgerald"
            ],
            [
                "Killian Brady"
            ]
        ],
        "match_time": "08:41",
        "match_championship": "",
        "match_class": "singles",
        "winning_side_index": 0,
        "individual_results": {
            "Fitzgerald": "Win",
            "Killian Brady": "Loss"
        },
        "team_results": {},
        "sync_teams_to_individuals": true,
        "match_result": "Side 1 (Fitzgerald) wins",
        "winner_method": "pinfall",
        "match_result_display": "Fitzgerald def. Killian Brady by pinfall (08:41)",
        "match_visibility": {
            "hide_from_card": false,
            "hide_summary": false,
            "hide_result": false
        },
        "warnings": [],
        "match_id": "b3c053b9-5821-4527-87af-fa23a4bfe044",
        "segment_position": 11
    },
    {
        "participants_display": "Joe Shore vs Johnny Destruction",
        "sides": [
            [
                "Joe Shore"
            ],
            [
                "Johnny Destruction"
            ]
        ],
        "match_time": "15:18",
        "match_championship": "",
        "match_class": "singles",
        "winning_side_index": 1,
        "individual_results": {
            "Joe Shore": "Loss",
            "Johnny Destruction": "Win"
        },
        "team_results": {},
        "sync_teams_to_individuals": true,
        "match_result": "Side 2 (Johnny Destruction) wins",
        "winner_method": "submission",
        "match_result_display": "Johnny Destruction def. Joe Shore by submission (15:18)",
        "match_visibility": {
            "hide_from_card": false,
            "hide_summary": false,
            "hide_result": false
        },
        "warnings": [],
        "match_id": "c8e7f507-ec17-4592-b764-dbb3699eac91",
        "segment_position": 13
    },
    {
        "participants_display": "Rated Extreme vs The Texas Badlanders",
        "sides": [
            [
                "&quot;The Monster&quot; Payne",
                "Max Dynamite"
            ],
            [
                "Frank Roberts",
                " Bill McGraw"
            ]
        ],
        "match_time": "20:00",
        "match_championship": "",
        "match_class": "tag",
        "winning_side_index": -1,
        "individual_results": {
            "Max Dynamite": "Draw",
            "Frank Roberts": "Draw",
            " Bill McGraw": "Draw",
            "&quot;The Monster&quot; Payne": "Draw"
        },
        "team_results": {
            "Rated Extreme": "Draw",
            "The Texas Badlanders": "Draw"
        },
        "sync_teams_to_individuals": true,
        "match_result": "Draw (Time limit)",
        "winner_method": "",
        "match_result_display": "Rated Extreme (&quot;The Monster&quot; Payne, Max Dynamite) vs The Texas Badlanders (Frank Roberts,  Bill McGraw) ended in a draw (time limit) (20:00)",
        "match_visibility": {
            "hide_from_card": false,
            "hide_summary": false,
            "hide_result": false
        },
        "warnings": [],
        "match_id": "2866b7a0-2d93-4f46-be69-f03aeb2c7291",
        "segment_position": 14
    },
    {
        "participants_display": "Alexi Chambers, Scott Ashton vs Jim Brady, Rick Walker",
        "sides": [
            [
                "Alexi Chambers",
                "Scott Ashton"
            ],
            [
                "Jim Brady",
                "Rick Walker"
            ]
        ],
        "match_time": "11:16",
        "match_championship": "",
        "match_class": "tag",
        "winning_side_index": 1,
        "individual_results": {
            "Alexi Chambers": "Loss",
            "Scott Ashton": "Loss",
            "Jim Brady": "Win",
            "Rick Walker": "Win"
        },
        "team_results": {},
        "sync_teams_to_individuals": true,
        "match_result": "Side 2 (Jim Brady, Rick Walker) wins",
        "winner_method": "pinfall",
        "match_result_display": "Jim Brady, Rick Walker def. Alexi Chambers, Scott Ashton by pinfall (11:16)",
        "match_visibility": {
            "hide_from_card": false,
            "hide_summary": false,
            "hide_result": false
        },
        "warnings": [],
        "match_id": "59766b2a-b481-4053-ba2a-9e2e6e5b7b28",
        "segment_position": 16
    }
]