[
    {
        "id": "mayhem-33-segment-1",
        "position": 1,
        "type": "Match",
        "header": "Dark Match",
        "match_id": "mayhem-33-match-1",
        "summary": "Diamond Princesses (Dana Diamond, Kiere Haddad) def Amy D, Erica Lewis by pinfall (03:23)"
    },
    {
        "id": "mayhem-33-segment-2",
        "position": 2,
        "type": "Match",
        "header": "Dark Match",
        "match_id": "mayhem-33-match-2",
        "summary": "Air America (Robert Swanson, Zach Gordon) def Da Bad News Baers (Chris Baer, Eric Baer) by pinfall (02:38)"
    },
    {
        "id": "mayhem-33-segment-3",
        "position": 3,
        "type": "Match",
        "header": "Dark Match",
        "match_id": "mayhem-33-match-3",
        "summary": "Jessica James def Emily Anderson by pinfall (04:10)"
    },
    {
        "id": "mayhem-33-segment-4",
        "position": 4,
        "type": "Match",
        "header": "Tag-Team Match",
        "match_id": "mayhem-33-match-4",
        "summary": "Leather Angels (Carla Rivera, Jackie Scott) def Lashay Cass, Laura Perry by pinfall (02:42)"
    },
    {
        "id": "mayhem-33-segment-5",
        "position": 5,
        "type": "Match",
        "header": "Singles Match",
        "match_id": "mayhem-33-match-5",
        "summary": "Anastasia Phoenix def Amber Sloane by pinfall (08:20)"
    },
    {
        "id": "mayhem-33-segment-6",
        "position": 6,
        "type": "Match",
        "header": "Singles Match",
        "match_id": "mayhem-33-match-6",
        "summary": "Fox Kelly def Ranger Ross by countout (11:38)"
    },
    {
        "id": "mayhem-33-segment-7",
        "position": 7,
        "type": "Match",
        "header": "Tag-Team Match",
        "match_id": "mayhem-33-match-7",
        "summary": "The Mad Dogs (Mad Dog Bark, Mad Dog Bite) def The Masked Crushers (Crusher #1, Crusher #2) by pinfall (01:18)"
    },
    {
        "id": "mayhem-33-segment-8",
        "position": 8,
        "type": "Match",
        "header": "Tag-Team Grudge Match",
        "match_id": "mayhem-33-match-8",
        "summary": "Autumn Chambers, Katy Kelly def Officer Cass Evans, Piper Pepper by pinfall (09:28)"
    },
    {
        "id": "mayhem-33-segment-9",
        "position": 9,
        "type": "Match",
        "header": "Tag-Team Grudge Match",
        "match_id": "mayhem-33-match-9",
        "summary": "The Pumas (Killian Brady, Noah Brady) vs Sacred Dragons (Purple Rime, Red Mist) - Time limit draw (20:00)"
    },
    {
        "id": "mayhem-33-segment-10",
        "position": 10,
        "type": "Match",
        "header": "Main Event - Trios Grudge Match",
        "match_id": "mayhem-33-match-10",
        "summary": "Johnny Destruction, Payne, Riddick def Knightfall (Chris Davids, John Blair), Rage Blackwolf by pinfall (10:04)"
    }
]
