[
    {
        "position": 1,
        "type": "Match",
        "header": "Tag-Team Match",
        "match_id": "298a057c-2d6b-484d-8538-d8b39eb0ea60",
        "participants_display": "Allison Katt, Mandy Matthews vs Officer Cass Evans, Piper Pepper",
        "sides": [
            [
                "Allison Katt",
                "Mandy Matthews"
            ],
            [
                "Officer Cass Evans",
                "Piper Pepper"
            ]
        ],
        "match_result": "Side 2 (Officer Cass Evans, Piper Pepper) wins",
        "match_result_display": "Officer Cass Evans, Piper Pepper def. Allison Katt, Mandy Matthews by pinfall (09:37)",
        "summary_file": "/home/gary/github/slamsim/includes/tmp/mayhem-12/match_tag-team-match_1.md"
    }
]