[
    {
        "sides": [
            [
                "KC Shore"
            ],
            [
                "Luke Graves"
            ]
        ],
        "match_time": "13:40",
        "match_championship": "",
        "winning_side_index": 0,
        "individual_results": {
            "KC Shore": "Win",
            "Luke Graves": "Loss"
        },
        "team_results": {},
        "sync_teams_to_individuals": true,
        "match_result": "Side 1 (KC Shore) wins",
        "winner_method": "pinfall",
        "match_result_display": "KC Shore def. Luke Graves by pinfall (13:40)",
        "match_visibility": {
            "hide_from_card": false,
            "hide_summary": false,
            "hide_result": false
        },
        "warnings": [],
        "match_class": "singles",
        "match_id": "24fe4a8a-b34d-4e8d-85e1-f0aa2de89b42",
        "segment_position": 1
    },
    {
        "sides": [
            [
                "Timothy Myers"
            ],
            [
                "Johnny Destruction"
            ]
        ],
        "match_time": "22:17",
        "match_championship": "WMA World Championship",
        "winning_side_index": 0,
        "individual_results": {
            "Timothy Myers": "Win",
            "Johnny Destruction": "Loss"
        },
        "team_results": {},
        "sync_teams_to_individuals": true,
        "match_result": "Side 1 (Timothy Myers) wins",
        "winner_method": "pinfall",
        "match_result_display": "Timothy Myers def. Johnny Destruction by pinfall to win the WMA World Championship (22:17)",
        "match_visibility": {
            "hide_from_card": false,
            "hide_summary": false,
            "hide_result": false
        },
        "warnings": [],
        "match_class": "singles",
        "match_id": "5f364814-4357-40b3-825b-32d5b4abfb8d",
        "segment_position": 3
    }
]