[
    {
        "participants_display": "Chris Davids, John Blair vs Lenny Dennis, Roman Baldwin",
        "sides": [
            [
                "Chris Davids",
                "John Blair"
            ],
            [
                "Lenny Dennis, Roman Baldwin"
            ]
        ],
        "match_time": "03:15",
        "match_championship": "",
        "match_class": "handicap",
        "winning_side_index": -1,
        "individual_results": {
            "Chris Davids": "No Contest",
            "John Blair": "No Contest",
            "Lenny Dennis, Roman Baldwin": "No Contest"
        },
        "team_results": {
            "Knightfall": "No Contest"
        },
        "sync_teams_to_individuals": true,
        "match_result": "",
        "winner_method": "pinfall",
        "match_result_display": "",
        "match_visibility": {
            "hide_from_card": true,
            "hide_summary": true,
            "hide_result": false
        },
        "warnings": [],
        "segment_position": 1,
        "match_id": "8c82f486-db71-4787-b204-eadbec3ed186"
    },
    {
        "participants_display": "Jim Brady vs Noel Jackson",
        "sides": [
            [
                "Jim Brady"
            ],
            [
                "Noel Jackson"
            ]
        ],
        "match_time": "04:34",
        "match_championship": "",
        "match_class": "singles",
        "winning_side_index": 0,
        "individual_results": {
            "Jim Brady": "Win",
            "Noel Jackson": "Loss"
        },
        "team_results": {},
        "sync_teams_to_individuals": true,
        "match_result": "Side 1 (Jim Brady) wins",
        "winner_method": "pinfall",
        "match_result_display": "Jim Brady def. Noel Jackson by pinfall (04:34)",
        "match_visibility": {
            "hide_from_card": true,
            "hide_summary": true,
            "hide_result": false
        },
        "warnings": [],
        "segment_position": 2,
        "match_id": "3a9fc900-0d59-42f6-825b-47eeac6dc9c5"
    },
    {
        "participants_display": "Carla Rivera, Jackie Scott vs Moon Child, Tabitha Ray",
        "sides": [
            [
                "Carla Rivera",
                "Jackie Scott"
            ],
            [
                "Moon Child",
                "Tabitha Ray"
            ]
        ],
        "match_time": "03:36",
        "match_championship": "",
        "match_class": "tag",
        "winning_side_index": -1,
        "individual_results": {
            "Carla Rivera": "No Contest",
            "Jackie Scott": "No Contest",
            "Moon Child": "No Contest",
            "Tabitha Ray": "No Contest"
        },
        "team_results": {
            "Leather Angels": "No Contest",
            "Moon Ray": "No Contest"
        },
        "sync_teams_to_individuals": true,
        "match_result": "",
        "winner_method": "pinfall",
        "match_result_display": "",
        "match_visibility": {
            "hide_from_card": true,
            "hide_summary": true,
            "hide_result": false
        },
        "warnings": [],
        "segment_position": 3,
        "match_id": "e94d5834-f230-447b-9588-67ddab5d40f4"
    },
    {
        "participants_display": "(TBA)",
        "sides": [
            [
                "(TBA)"
            ]
        ],
        "match_time": "10:50",
        "match_championship": "",
        "match_class": "singles",
        "winning_side_index": -1,
        "individual_results": {
            "(TBA)": "No Contest"
        },
        "team_results": {},
        "sync_teams_to_individuals": true,
        "match_result": "",
        "winner_method": "pinfall",
        "match_result_display": "",
        "match_visibility": {
            "hide_from_card": false,
            "hide_summary": false,
            "hide_result": false
        },
        "warnings": [],
        "segment_position": 4,
        "match_id": "4d719c75-7c16-42a9-a2a9-f889b1dd05b2"
    },
    {
        "participants_display": "(TBA)",
        "sides": [
            [
                "(TBA)"
            ]
        ],
        "match_time": "13:23",
        "match_championship": "",
        "match_class": "singles",
        "winning_side_index": -1,
        "individual_results": {
            "(TBA)": "No Contest"
        },
        "team_results": {},
        "sync_teams_to_individuals": true,
        "match_result": "",
        "winner_method": "submission",
        "match_result_display": "",
        "match_visibility": {
            "hide_from_card": true,
            "hide_summary": true,
            "hide_result": false
        },
        "warnings": [],
        "segment_position": 5,
        "match_id": "674c7ec2-fbfd-4b7c-a4c1-ecdb16208b57"
    },
    {
        "participants_display": "(TBA)",
        "sides": [
            [
                "(TBA)"
            ]
        ],
        "match_time": "07:54",
        "match_championship": "",
        "match_class": "singles",
        "winning_side_index": -1,
        "individual_results": {
            "(TBA)": "No Contest"
        },
        "team_results": {},
        "sync_teams_to_individuals": true,
        "match_result": "",
        "winner_method": "pinfall",
        "match_result_display": "",
        "match_visibility": {
            "hide_from_card": true,
            "hide_summary": true,
            "hide_result": false
        },
        "warnings": [],
        "segment_position": 6,
        "match_id": "1415bc48-8f2d-4086-a38e-32085b856201"
    },
    {
        "participants_display": "(TBA)",
        "sides": [
            [
                "(TBA)"
            ]
        ],
        "match_time": "06:02",
        "match_championship": "",
        "match_class": "singles",
        "winning_side_index": -1,
        "individual_results": {
            "(TBA)": "No Contest"
        },
        "team_results": {},
        "sync_teams_to_individuals": true,
        "match_result": "",
        "winner_method": "knockout",
        "match_result_display": "",
        "match_visibility": {
            "hide_from_card": true,
            "hide_summary": true,
            "hide_result": false
        },
        "warnings": [],
        "segment_position": 7,
        "match_id": "5bbc0f99-2453-4cd1-b09b-6c43daaae348"
    },
    {
        "participants_display": "(TBA)",
        "sides": [
            [
                "(TBA)"
            ]
        ],
        "match_time": "05:08",
        "match_championship": "",
        "match_class": "singles",
        "winning_side_index": -1,
        "individual_results": {
            "(TBA)": "No Contest"
        },
        "team_results": {},
        "sync_teams_to_individuals": true,
        "match_result": "",
        "winner_method": "pinfall",
        "match_result_display": "",
        "match_visibility": {
            "hide_from_card": true,
            "hide_summary": true,
            "hide_result": false
        },
        "warnings": [],
        "segment_position": 8,
        "match_id": "078ab71a-fefa-4b3c-8507-e17e3c598c8e"
    },
    {
        "participants_display": "(TBA)",
        "sides": [
            [
                "(TBA)"
            ]
        ],
        "match_time": "14:02",
        "match_championship": "",
        "match_class": "singles",
        "winning_side_index": -1,
        "individual_results": {
            "(TBA)": "No Contest"
        },
        "team_results": {},
        "sync_teams_to_individuals": true,
        "match_result": "",
        "winner_method": "pinfall",
        "match_result_display": "",
        "match_visibility": {
            "hide_from_card": true,
            "hide_summary": true,
            "hide_result": false
        },
        "warnings": [],
        "segment_position": 9,
        "match_id": "7977d0af-8b95-4046-8a9b-52030bc9b9e8"
    },
    {
        "participants_display": "(TBA)",
        "sides": [
            [
                "(TBA)"
            ]
        ],
        "match_time": "08:18",
        "match_championship": "",
        "match_class": "singles",
        "winning_side_index": -1,
        "individual_results": {
            "(TBA)": "No Contest"
        },
        "team_results": {},
        "sync_teams_to_individuals": true,
        "match_result": "",
        "winner_method": "pinfall",
        "match_result_display": "",
        "match_visibility": {
            "hide_from_card": true,
            "hide_summary": true,
            "hide_result": false
        },
        "warnings": [],
        "segment_position": 10,
        "match_id": "7b2cc460-9898-4b30-9ec8-07f121a040e2"
    },
    {
        "participants_display": "Arsen vs Mandy Matthews",
        "sides": [
            [
                "Arsen"
            ],
            [
                "Mandy Matthews"
            ]
        ],
        "match_time": "05:11",
        "match_championship": "",
        "match_class": "singles",
        "winning_side_index": 1,
        "individual_results": {
            "Arsen": "Loss",
            "Mandy Matthews": "Win"
        },
        "team_results": {},
        "sync_teams_to_individuals": true,
        "match_result": "Side 2 (Mandy Matthews) wins",
        "winner_method": "submission",
        "match_result_display": "Mandy Matthews def. Arsen by submission (05:11)",
        "match_visibility": {
            "hide_from_card": false,
            "hide_summary": false,
            "hide_result": false
        },
        "warnings": [],
        "segment_position": 11,
        "match_id": "f8860db6-f681-4b43-a865-304d66ba1ba7"
    },
    {
        "participants_display": "Candice Whitehall, Gina Cook vs Elena Sanchez, Rita Gomez",
        "sides": [
            [
                "Candice Whitehall",
                "Gina Cook"
            ],
            [
                "Elena Sanchez",
                "Rita Gomez"
            ]
        ],
        "match_time": "11:45",
        "match_championship": "",
        "match_class": "tag",
        "winning_side_index": -1,
        "individual_results": {
            "Candice Whitehall": "No Contest",
            "Gina Cook": "No Contest",
            "Elena Sanchez": "No Contest",
            "Rita Gomez": "No Contest"
        },
        "team_results": {
            "Adrenaline": "No Contest",
            "Las Chicas Viciosas": "No Contest"
        },
        "sync_teams_to_individuals": true,
        "match_result": "",
        "winner_method": "pinfall",
        "match_result_display": "",
        "match_visibility": {
            "hide_from_card": false,
            "hide_summary": false,
            "hide_result": false
        },
        "warnings": [],
        "segment_position": 12,
        "match_id": "b60071a9-3ae8-41a3-9f8c-52e9fc65f265"
    },
    {
        "participants_display": "The Golden Rule (Alexander Midas, Bobby Biceps) vs Timothy Myers, ?",
        "sides": [
            [
                "The Golden Rule (Alexander Midas, Bobby Biceps)"
            ],
            [
                "Timothy Myers, ?"
            ]
        ],
        "match_time": "04:58",
        "match_championship": "",
        "match_class": "singles",
        "winning_side_index": -1,
        "individual_results": {
            "The Golden Rule (Alexander Midas, Bobby Biceps)": "No Contest",
            "Timothy Myers, ?": "No Contest"
        },
        "team_results": {},
        "sync_teams_to_individuals": true,
        "match_result": "",
        "winner_method": "disqualification",
        "match_result_display": "",
        "match_visibility": {
            "hide_from_card": false,
            "hide_summary": false,
            "hide_result": false
        },
        "warnings": [],
        "segment_position": 13,
        "match_id": "5ff56db5-50aa-48d5-8a44-6768437246c9"
    }
]