[
    {
        "participants_display": "Candice Whitehall, Gina Cook vs Eunis Martinez, Joyce Porter",
        "sides": [
            [
                "Candice Whitehall",
                "Gina Cook"
            ],
            [
                "Eunis Martinez, Joyce Porter"
            ]
        ],
        "match_time": "04:24",
        "match_championship": "",
        "match_class": "handicap",
        "winning_side_index": -1,
        "individual_results": {
            "Candice Whitehall": "No Contest",
            "Gina Cook": "No Contest",
            "Eunis Martinez, Joyce Porter": "No Contest"
        },
        "team_results": {
            "Adrenaline": "No Contest"
        },
        "sync_teams_to_individuals": true,
        "match_result": "",
        "winner_method": "pinfall",
        "match_result_display": "",
        "match_visibility": {
            "hide_from_card": true,
            "hide_summary": true,
            "hide_result": false
        },
        "warnings": [],
        "segment_position": 100,
        "match_id": "a6087741-d5c1-4612-8f98-bdc3f28d901c"
    },
    {
        "participants_display": "Lenny Dennis vs Javier Reyes",
        "sides": [
            [
                "Lenny Dennis"
            ],
            [
                "Javier Reyes"
            ]
        ],
        "match_time": "03:48",
        "match_championship": "",
        "match_class": "singles",
        "winning_side_index": 1,
        "individual_results": {
            "Lenny Dennis": "Loss",
            "Javier Reyes": "Win"
        },
        "team_results": {},
        "sync_teams_to_individuals": true,
        "match_result": "Side 2 (Javier Reyes) wins",
        "winner_method": "pinfall",
        "match_result_display": "Javier Reyes def. Lenny Dennis by pinfall (03:48)",
        "match_visibility": {
            "hide_from_card": true,
            "hide_summary": true,
            "hide_result": false
        },
        "warnings": [],
        "segment_position": 101,
        "match_id": "0aec97c0-2529-48e8-a2fc-ec5632ebc1d8"
    },
    {
        "participants_display": "Genevieve Andrews vs Ingrid Thorburn",
        "sides": [
            [
                "Genevieve Andrews"
            ],
            [
                "Ingrid Thorburn"
            ]
        ],
        "match_time": "01:32",
        "match_championship": "",
        "match_class": "singles",
        "winning_side_index": 1,
        "individual_results": {
            "Genevieve Andrews": "Loss",
            "Ingrid Thorburn": "Win"
        },
        "team_results": {},
        "sync_teams_to_individuals": true,
        "match_result": "Side 2 (Ingrid Thorburn) wins",
        "winner_method": "submission",
        "match_result_display": "Ingrid Thorburn def. Genevieve Andrews by submission (01:32)",
        "match_visibility": {
            "hide_from_card": true,
            "hide_summary": true,
            "hide_result": false
        },
        "warnings": [],
        "segment_position": 102,
        "match_id": "0d186dd8-6ee2-4be7-a87c-90674f97140b"
    },
    {
        "participants_display": "Amber Sloane, Tammy Terrel vs Carla Rivera, Jackie Scott",
        "sides": [
            [
                "Amber Sloane",
                "Tammy Terrel"
            ],
            [
                "Carla Rivera",
                "Jackie Scott"
            ]
        ],
        "match_time": "07:49",
        "match_championship": "",
        "match_class": "tag",
        "winning_side_index": -1,
        "individual_results": {
            "Amber Sloane": "No Contest",
            "Tammy Terrel": "No Contest",
            "Carla Rivera": "No Contest",
            "Jackie Scott": "No Contest"
        },
        "team_results": {
            "California Connection": "No Contest",
            "Leather Angels": "No Contest"
        },
        "sync_teams_to_individuals": true,
        "match_result": "",
        "winner_method": "pinfall",
        "match_result_display": "",
        "match_visibility": {
            "hide_from_card": false,
            "hide_summary": false,
            "hide_result": false
        },
        "warnings": [],
        "segment_position": 103,
        "match_id": "61c12012-47c5-4abc-8c9d-981917e2501c"
    },
    {
        "participants_display": "Troy Stone, Reed Cutter vs Danny Whitlock, Kaito Tanaka",
        "sides": [
            [
                "Troy Stone",
                "Reed Cutter"
            ],
            [
                "Danny Whitlock",
                "Kaito Tanaka"
            ]
        ],
        "match_time": "13:35",
        "match_championship": "",
        "match_class": "tag",
        "winning_side_index": -1,
        "individual_results": {
            "Troy Stone": "No Contest",
            "Reed Cutter": "No Contest",
            "Danny Whitlock": "No Contest",
            "Kaito Tanaka": "No Contest"
        },
        "team_results": {
            "Apex Predators": "No Contest",
            "Pacific Divide": "No Contest"
        },
        "sync_teams_to_individuals": true,
        "match_result": "",
        "winner_method": "pinfall",
        "match_result_display": "",
        "match_visibility": {
            "hide_from_card": false,
            "hide_summary": false,
            "hide_result": false
        },
        "warnings": [],
        "segment_position": 104,
        "match_id": "d426f61d-aa78-4780-9e3f-ba7954feb339"
    },
    {
        "participants_display": "Bobby Biceps vs Michael King",
        "sides": [
            [
                "Bobby Biceps"
            ],
            [
                "Michael King"
            ]
        ],
        "match_time": "10:42",
        "match_championship": "",
        "match_class": "singles",
        "winning_side_index": 0,
        "individual_results": {
            "Bobby Biceps": "Win",
            "Michael King": "Loss"
        },
        "team_results": {},
        "sync_teams_to_individuals": true,
        "match_result": "Side 1 (Bobby Biceps) wins",
        "winner_method": "pinfall",
        "match_result_display": "Bobby Biceps def. Michael King by pinfall (10:42)",
        "match_visibility": {
            "hide_from_card": false,
            "hide_summary": false,
            "hide_result": false
        },
        "warnings": [],
        "segment_position": 105,
        "match_id": "9fb549d5-f89f-4c4c-8659-f39010a3d2c8"
    },
    {
        "participants_display": "Anastasia Phoenix vs Missy Wallace",
        "sides": [
            [
                "Anastasia Phoenix"
            ],
            [
                "Missy Wallace"
            ]
        ],
        "match_time": "14:16",
        "match_championship": "",
        "match_class": "singles",
        "winning_side_index": 0,
        "individual_results": {
            "Anastasia Phoenix": "Win",
            "Missy Wallace": "Loss"
        },
        "team_results": {},
        "sync_teams_to_individuals": true,
        "match_result": "Side 1 (Anastasia Phoenix) wins",
        "winner_method": "pinfall",
        "match_result_display": "Anastasia Phoenix def. Missy Wallace by pinfall (14:16)",
        "match_visibility": {
            "hide_from_card": false,
            "hide_summary": false,
            "hide_result": false
        },
        "warnings": [],
        "segment_position": 106,
        "match_id": "e8c605a9-cdc5-47ef-8613-9c473d3d799f"
    },
    {
        "participants_display": "Apalachi vs Fox Kelly",
        "sides": [
            [
                "Apalachi"
            ],
            [
                "Fox Kelly"
            ]
        ],
        "match_time": "06:35",
        "match_championship": "",
        "match_class": "singles",
        "winning_side_index": 0,
        "individual_results": {
            "Apalachi": "Win",
            "Fox Kelly": "Loss"
        },
        "team_results": {},
        "sync_teams_to_individuals": true,
        "match_result": "Side 1 (Apalachi) wins",
        "winner_method": "submission",
        "match_result_display": "Apalachi def. Fox Kelly by submission (06:35)",
        "match_visibility": {
            "hide_from_card": false,
            "hide_summary": false,
            "hide_result": false
        },
        "warnings": [],
        "segment_position": 107,
        "match_id": "68909b43-6b48-4234-8ce2-cc2a2ab807fb"
    },
    {
        "participants_display": "Adrian Waters, Jamey Kingston, Rob Johnson, The Texas Badlanders vs KC Shore, Joe Shore, Rick Walker, Jason Walker, Tyler Vaughn",
        "sides": [
            [
                "Adrian Waters, Jamey Kingston, Rob Johnson, The Texas Badlanders"
            ],
            [
                "KC Shore",
                "Joe Shore",
                "Rick Walker",
                "Jason Walker",
                "Tyler Vaughn"
            ]
        ],
        "match_time": "21:55",
        "match_championship": "",
        "match_class": "handicap",
        "winning_side_index": 1,
        "individual_results": {
            "Adrian Waters, Jamey Kingston, Rob Johnson, The Texas Badlanders": "Loss",
            "KC Shore": "Win",
            "Joe Shore": "Win",
            "Rick Walker": "Win",
            "Jason Walker": "Win",
            "Tyler Vaughn": "Win"
        },
        "team_results": {},
        "sync_teams_to_individuals": true,
        "match_result": "Side 2 (KC Shore, Joe Shore, Rick Walker, Jason Walker, Tyler Vaughn) wins",
        "winner_method": "pinfall",
        "match_result_display": "KC Shore, Joe Shore, Rick Walker, Jason Walker, Tyler Vaughn def. Adrian Waters, Jamey Kingston, Rob Johnson, The Texas Badlanders by pinfall (21:55)",
        "match_visibility": {
            "hide_from_card": false,
            "hide_summary": false,
            "hide_result": false
        },
        "warnings": [],
        "segment_position": 108,
        "match_id": "2b389b3b-1f0a-4d99-9202-f82421e00ab4"
    }
]