[
    {
        "participants_display": "Gretchen McGee, Molly Page vs Abigail James, Danielle Marks",
        "sides": [
            [
                "Gretchen McGee, Molly Page"
            ],
            [
                "Abigail James",
                "Danielle Marks"
            ]
        ],
        "match_time": "03:11",
        "match_championship": "",
        "match_class": "handicap",
        "winning_side_index": -1,
        "individual_results": {
            "Gretchen McGee, Molly Page": "No Contest",
            "Abigail James": "No Contest",
            "Danielle Marks": "No Contest"
        },
        "team_results": {
            "Hot Shots": "No Contest"
        },
        "sync_teams_to_individuals": true,
        "match_result": "",
        "winner_method": "pinfall",
        "match_result_display": "",
        "match_visibility": {
            "hide_from_card": true,
            "hide_summary": true,
            "hide_result": false
        },
        "warnings": [],
        "segment_position": 100,
        "match_id": "d3427171-b2a1-4d27-a80c-eade88bc5ee5"
    },
    {
        "participants_display": "Lenny Dennis vs Riddick",
        "sides": [
            [
                "Lenny Dennis"
            ],
            [
                "Riddick"
            ]
        ],
        "match_time": "02:55",
        "match_championship": "",
        "match_class": "singles",
        "winning_side_index": 1,
        "individual_results": {
            "Lenny Dennis": "Loss",
            "Riddick": "Win"
        },
        "team_results": {},
        "sync_teams_to_individuals": true,
        "match_result": "Side 2 (Riddick) wins",
        "winner_method": "submission",
        "match_result_display": "Riddick def. Lenny Dennis by submission (02:55)",
        "match_visibility": {
            "hide_from_card": true,
            "hide_summary": true,
            "hide_result": false
        },
        "warnings": [],
        "segment_position": 101,
        "match_id": "870f8fd9-3058-433a-b0e2-1bf4893b83ca"
    },
    {
        "participants_display": "KC Shore vs Tom Ham",
        "sides": [
            [
                "KC Shore"
            ],
            [
                "Tom Ham"
            ]
        ],
        "match_time": "02:34",
        "match_championship": "",
        "match_class": "singles",
        "winning_side_index": 0,
        "individual_results": {
            "KC Shore": "Win",
            "Tom Ham": "Loss"
        },
        "team_results": {},
        "sync_teams_to_individuals": true,
        "match_result": "Side 1 (KC Shore) wins",
        "winner_method": "knockout",
        "match_result_display": "KC Shore def. Tom Ham by knockout (02:34)",
        "match_visibility": {
            "hide_from_card": true,
            "hide_summary": true,
            "hide_result": false
        },
        "warnings": [],
        "segment_position": 102,
        "match_id": "825b6ed5-4f28-4788-b39c-fae6332fe995"
    },
    {
        "participants_display": "Texas Badlanders vs Walkers",
        "sides": [
            [
                "Texas Badlanders"
            ],
            [
                "Walkers"
            ]
        ],
        "match_time": "14:20",
        "match_championship": "",
        "match_class": "singles",
        "winning_side_index": -1,
        "individual_results": {
            "Texas Badlanders": "No Contest",
            "Walkers": "No Contest"
        },
        "team_results": {},
        "sync_teams_to_individuals": true,
        "match_result": "",
        "winner_method": "pinfall",
        "match_result_display": "",
        "match_visibility": {
            "hide_from_card": false,
            "hide_summary": false,
            "hide_result": false
        },
        "warnings": [],
        "segment_position": 103,
        "match_id": "44f8a583-1ebc-463c-93c3-acc9c2f2923c"
    },
    {
        "participants_display": "Amber Sloane, Tammy Terrel vs Desiree Maxwell, Samantha Cannon",
        "sides": [
            [
                "Amber Sloane",
                "Tammy Terrel"
            ],
            [
                "Desiree Maxwell",
                "Samantha Cannon"
            ]
        ],
        "match_time": "08:29",
        "match_championship": "",
        "match_class": "tag",
        "winning_side_index": -1,
        "individual_results": {
            "Amber Sloane": "No Contest",
            "Tammy Terrel": "No Contest",
            "Desiree Maxwell": "No Contest",
            "Samantha Cannon": "No Contest"
        },
        "team_results": {
            "California Connection": "No Contest",
            "Short Fuse": "No Contest"
        },
        "sync_teams_to_individuals": true,
        "match_result": "",
        "winner_method": "pinfall",
        "match_result_display": "",
        "match_visibility": {
            "hide_from_card": false,
            "hide_summary": false,
            "hide_result": false
        },
        "warnings": [],
        "segment_position": 104,
        "match_id": "ca733fdb-90f6-4e65-830e-2026a9f14d4f"
    },
    {
        "participants_display": "TBA",
        "sides": [
            [
                "TBA"
            ]
        ],
        "match_time": "08:19",
        "match_championship": "",
        "match_class": "singles",
        "winning_side_index": -1,
        "individual_results": {
            "TBA": "No Contest"
        },
        "team_results": {},
        "sync_teams_to_individuals": true,
        "match_result": "",
        "winner_method": "",
        "match_result_display": "",
        "match_visibility": {
            "hide_from_card": false,
            "hide_summary": false,
            "hide_result": false
        },
        "warnings": [],
        "segment_position": 105,
        "match_id": "a75adfc2-77e1-4de1-8c27-58ac9dda87cc"
    },
    {
        "participants_display": "TBA",
        "sides": [
            [
                "TBA"
            ]
        ],
        "match_time": "15:03",
        "match_championship": "",
        "match_class": "singles",
        "winning_side_index": -1,
        "individual_results": {
            "TBA": "No Contest"
        },
        "team_results": {},
        "sync_teams_to_individuals": true,
        "match_result": "",
        "winner_method": "",
        "match_result_display": "",
        "match_visibility": {
            "hide_from_card": false,
            "hide_summary": false,
            "hide_result": false
        },
        "warnings": [],
        "segment_position": 106,
        "match_id": "c6ffb755-486d-42cc-9d6b-9cdec969a617"
    },
    {
        "participants_display": "TBA",
        "sides": [
            [
                "TBA"
            ]
        ],
        "match_time": "10:32",
        "match_championship": "",
        "match_class": "singles",
        "winning_side_index": -1,
        "individual_results": {
            "TBA": "No Contest"
        },
        "team_results": {},
        "sync_teams_to_individuals": true,
        "match_result": "",
        "winner_method": "pinfall",
        "match_result_display": "",
        "match_visibility": {
            "hide_from_card": false,
            "hide_summary": false,
            "hide_result": false
        },
        "warnings": [],
        "segment_position": 107,
        "match_id": "12e40e40-6071-44bb-9703-e38c14e56b2b"
    },
    {
        "participants_display": "Knightfall (Chris Davids, John Blair) vs Rough Riders (Boon Ford, Buck Ford)",
        "sides": [
            [
                "Knightfall (Chris Davids, John Blair)"
            ],
            [
                "Rough Riders (Boon Ford, Buck Ford)"
            ]
        ],
        "match_time": "25:22",
        "match_championship": "wma-world-tag-team-championship-ee2a",
        "match_class": "singles",
        "winning_side_index": 0,
        "individual_results": {
            "Knightfall (Chris Davids, John Blair)": "Win",
            "Rough Riders (Boon Ford, Buck Ford)": "Loss"
        },
        "team_results": {},
        "sync_teams_to_individuals": true,
        "match_result": "Side 1 (Knightfall (Chris Davids, John Blair)) wins",
        "winner_method": "pinfall",
        "match_result_display": "Knightfall (Chris Davids, John Blair) def. Rough Riders (Boon Ford, Buck Ford) by pinfall (25:22)",
        "match_visibility": {
            "hide_from_card": false,
            "hide_summary": false,
            "hide_result": false
        },
        "warnings": [],
        "segment_position": 108,
        "match_id": "02c1c53c-9315-4128-a5c3-213308d6d92c"
    }
]