[
    {
        "participants_display": "Max Dynamite vs Tom Ham",
        "sides": [
            [
                "Max Dynamite"
            ],
            [
                "Tom Ham"
            ]
        ],
        "match_time": "01:50",
        "match_championship": "",
        "match_class": "singles",
        "winning_side_index": 0,
        "individual_results": {
            "Max Dynamite": "Win",
            "Tom Ham": "Loss"
        },
        "team_results": {},
        "sync_teams_to_individuals": true,
        "match_result": "Side 1 (Max Dynamite) wins",
        "winner_method": "pinfall",
        "match_result_display": "Max Dynamite def. Tom Ham by pinfall (01:50)",
        "match_visibility": {
            "hide_from_card": true,
            "hide_summary": true,
            "hide_result": false
        },
        "warnings": [],
        "segment_position": 1,
        "match_id": "fae7b608-7529-431e-8960-34056b4bcc19"
    },
    {
        "participants_display": "Mackenzie Henson vs Mandy Matthews",
        "sides": [
            [
                "Mackenzie Henson"
            ],
            [
                "Mandy Matthews"
            ]
        ],
        "match_time": "04:22",
        "match_championship": "",
        "match_class": "singles",
        "winning_side_index": 1,
        "individual_results": {
            "Mackenzie Henson": "Loss",
            "Mandy Matthews": "Win"
        },
        "team_results": {},
        "sync_teams_to_individuals": true,
        "match_result": "Side 2 (Mandy Matthews) wins",
        "winner_method": "submission",
        "match_result_display": "Mandy Matthews def. Mackenzie Henson by submission (04:22)",
        "match_visibility": {
            "hide_from_card": true,
            "hide_summary": true,
            "hide_result": false
        },
        "warnings": [],
        "segment_position": 2,
        "match_id": "cbf7afc0-913c-42f7-b27b-8a3d0a6690c8"
    },
    {
        "participants_display": "The California Connection vs Lashay Cass, Margaret Philips",
        "sides": [
            [
                "The California Connection"
            ],
            [
                "Lashay Cass, Margaret Philips"
            ]
        ],
        "match_time": "03:29",
        "match_championship": "",
        "match_class": "singles",
        "winning_side_index": 0,
        "individual_results": {
            "The California Connection": "Win",
            "Lashay Cass, Margaret Philips": "Loss"
        },
        "team_results": {},
        "sync_teams_to_individuals": true,
        "match_result": "Side 1 (The California Connection) wins",
        "winner_method": "pinfall",
        "match_result_display": "The California Connection def. Lashay Cass, Margaret Philips by pinfall (03:29)",
        "match_visibility": {
            "hide_from_card": true,
            "hide_summary": true,
            "hide_result": false
        },
        "warnings": [],
        "segment_position": 3,
        "match_id": "e2e7d007-9e56-49ec-93af-7ee9a40144ea"
    },
    {
        "participants_display": "Corey Moore vs Scott Ashton",
        "sides": [
            [
                "Corey Moore"
            ],
            [
                "Scott Ashton"
            ]
        ],
        "match_time": "00:41",
        "match_championship": "",
        "match_class": "singles",
        "winning_side_index": 1,
        "individual_results": {
            "Corey Moore": "Loss",
            "Scott Ashton": "Win"
        },
        "team_results": {},
        "sync_teams_to_individuals": true,
        "match_result": "Side 2 (Scott Ashton) wins",
        "winner_method": "pinfall",
        "match_result_display": "Scott Ashton def. Corey Moore by pinfall (00:41)",
        "match_visibility": {
            "hide_from_card": true,
            "hide_summary": true,
            "hide_result": false
        },
        "warnings": [],
        "segment_position": 4,
        "match_id": "4230ac69-7617-4020-889b-8e9a2734807d"
    },
    {
        "participants_display": "Diamond Princesses (Anastasia Phoenix, Kiara Haddad) vs Erica Lewis, Janet Pitman",
        "sides": [
            [
                "Diamond Princesses (Anastasia Phoenix, Kiara Haddad)"
            ],
            [
                "Erica Lewis, Janet Pitman"
            ]
        ],
        "match_time": "05:52",
        "match_championship": "",
        "match_class": "singles",
        "winning_side_index": 0,
        "individual_results": {
            "Diamond Princesses (Anastasia Phoenix, Kiara Haddad)": "Win",
            "Erica Lewis, Janet Pitman": "Loss"
        },
        "team_results": {},
        "sync_teams_to_individuals": true,
        "match_result": "Side 1 (Diamond Princesses (Anastasia Phoenix, Kiara Haddad)) wins",
        "winner_method": "pinfall",
        "match_result_display": "Diamond Princesses (Anastasia Phoenix, Kiara Haddad) def. Erica Lewis, Janet Pitman by pinfall (05:52)",
        "match_visibility": {
            "hide_from_card": true,
            "hide_summary": true,
            "hide_result": false
        },
        "warnings": [],
        "segment_position": 5,
        "match_id": "d2b8adb2-dae5-4dd8-8e18-5699ef3f1f5b"
    },
    {
        "participants_display": "Katy Kelly vs Officer Cass Evans",
        "sides": [
            [
                "Katy Kelly"
            ],
            [
                "Officer Cass Evans"
            ]
        ],
        "match_time": "07:27",
        "match_championship": "",
        "match_class": "singles",
        "winning_side_index": 0,
        "individual_results": {
            "Katy Kelly": "Win",
            "Officer Cass Evans": "Loss"
        },
        "team_results": {},
        "sync_teams_to_individuals": true,
        "match_result": "Side 1 (Katy Kelly) wins",
        "winner_method": "pinfall",
        "match_result_display": "Katy Kelly def. Officer Cass Evans by pinfall (07:27)",
        "match_visibility": {
            "hide_from_card": false,
            "hide_summary": false,
            "hide_result": false
        },
        "warnings": [],
        "segment_position": 6,
        "match_id": "1a490334-d4fc-41b8-b06d-4100d4d3b9dd"
    },
    {
        "participants_display": "Jim Brady, Rob Johnson vs Joe Shore, TJ Valentine",
        "sides": [
            [
                "Jim Brady",
                "Rob Johnson"
            ],
            [
                "Joe Shore",
                "TJ Valentine"
            ]
        ],
        "match_time": "10:14",
        "match_championship": "",
        "match_class": "tag",
        "winning_side_index": -1,
        "individual_results": {
            "Jim Brady": "No Contest",
            "Rob Johnson": "No Contest",
            "Joe Shore": "No Contest",
            "TJ Valentine": "No Contest"
        },
        "team_results": {
            "Leaders Not Followers": "No Contest"
        },
        "sync_teams_to_individuals": true,
        "match_result": "",
        "winner_method": "pinfall",
        "match_result_display": "",
        "match_visibility": {
            "hide_from_card": false,
            "hide_summary": false,
            "hide_result": false
        },
        "warnings": [],
        "segment_position": 7,
        "match_id": "45d9a87f-64d2-40aa-a0d1-6f2a700f935d"
    },
    {
        "participants_display": "Dana Diamond vs Jessica James",
        "sides": [
            [
                "Dana Diamond"
            ],
            [
                "Jessica James"
            ]
        ],
        "match_time": "14:18",
        "match_championship": "",
        "match_class": "singles",
        "winning_side_index": 1,
        "individual_results": {
            "Dana Diamond": "Loss",
            "Jessica James": "Win"
        },
        "team_results": {},
        "sync_teams_to_individuals": true,
        "match_result": "Side 2 (Jessica James) wins",
        "winner_method": "pinfall",
        "match_result_display": "Jessica James def. Dana Diamond by pinfall (14:18)",
        "match_visibility": {
            "hide_from_card": false,
            "hide_summary": false,
            "hide_result": false
        },
        "warnings": [],
        "segment_position": 8,
        "match_id": "296dab84-b911-4146-bb8b-4f8a08b7c20d"
    },
    {
        "participants_display": "Noah Brady vs Purple Rime",
        "sides": [
            [
                "Noah Brady"
            ],
            [
                "Purple Rime"
            ]
        ],
        "match_time": "08:00",
        "match_championship": "",
        "match_class": "singles",
        "winning_side_index": 0,
        "individual_results": {
            "Noah Brady": "Win",
            "Purple Rime": "Loss"
        },
        "team_results": {},
        "sync_teams_to_individuals": true,
        "match_result": "Side 1 (Noah Brady) wins",
        "winner_method": "disqualification",
        "match_result_display": "Noah Brady def. Purple Rime by disqualification (08:00)",
        "match_visibility": {
            "hide_from_card": false,
            "hide_summary": false,
            "hide_result": false
        },
        "warnings": [],
        "segment_position": 9,
        "match_id": "05d2e4ae-5cdf-4331-976b-beaa24826922"
    },
    {
        "participants_display": "Apalachi vs Bobby Biceps",
        "sides": [
            [
                "Apalachi"
            ],
            [
                "Bobby Biceps"
            ]
        ],
        "match_time": "12:11",
        "match_championship": "",
        "match_class": "singles",
        "winning_side_index": 0,
        "individual_results": {
            "Apalachi": "Win",
            "Bobby Biceps": "Loss"
        },
        "team_results": {},
        "sync_teams_to_individuals": true,
        "match_result": "Side 1 (Apalachi) wins",
        "winner_method": "pinfall",
        "match_result_display": "Apalachi def. Bobby Biceps by pinfall (12:11)",
        "match_visibility": {
            "hide_from_card": false,
            "hide_summary": false,
            "hide_result": false
        },
        "warnings": [],
        "segment_position": 10,
        "match_id": "85a4ab6c-5a64-4a3d-9828-540ce1b3d5f2"
    },
    {
        "participants_display": "Johnny Destruction (c) vs Fitzgerald",
        "sides": [
            [
                "Johnny Destruction (c)"
            ],
            [
                "Fitzgerald"
            ]
        ],
        "match_time": "09:41",
        "match_championship": "wma-television-championship-73c8",
        "match_class": "singles",
        "winning_side_index": 1,
        "individual_results": {
            "Johnny Destruction (c)": "Loss",
            "Fitzgerald": "Win"
        },
        "team_results": {},
        "sync_teams_to_individuals": true,
        "match_result": "Side 2 (Fitzgerald) wins",
        "winner_method": "pinfall",
        "match_result_display": "Fitzgerald def. Johnny Destruction (c) by pinfall (09:41)",
        "match_visibility": {
            "hide_from_card": false,
            "hide_summary": false,
            "hide_result": false
        },
        "warnings": [],
        "segment_position": 11,
        "match_id": "d1589290-67fa-4c68-895b-e5c8b682a98d"
    }
]