[
    {
        "position": 1,
        "type": "Match",
        "header": "Tag Team #1 Contender Match",
        "match_id": "d80077c5-a41b-4222-b4d0-f5256da56cd6",
        "participants_display": "Knightfall (Chris Davids, John Blair) vs The Texas Badlanders (Frank Roberts,  Bill McGraw)",
        "sides": [
            [
                "Chris Davids",
                "John Blair"
            ],
            [
                "Frank Roberts",
                " Bill McGraw"
            ]
        ],
        "match_result": "Side 1 (Chris Davids, John Blair) wins",
        "match_result_display": "Knightfall (Chris Davids, John Blair) def. The Texas Badlanders (Frank Roberts,  Bill McGraw) by pinfall (22:38)",
        "summary_file": "/home/gary/github/slamsim/includes/tmp/the-all-american-showdown-2021/match_tag-team-1-contender-match_1.md"
    },
    {
        "position": 2,
        "type": "Match",
        "header": "WMA Women's Championship",
        "match_id": "ee12efac-0633-404c-a35c-de30441fb854",
        "participants_display": "Katy Kelly vs Naomi Tanaka",
        "sides": [
            [
                "Katy Kelly"
            ],
            [
                "Naomi Tanaka"
            ]
        ],
        "match_result": "Side 1 (Katy Kelly) wins",
        "match_result_display": "Katy Kelly def. Naomi Tanaka by pinfall to win the WMA Women's World Championship (09:19)",
        "summary_file": "/home/gary/github/slamsim/includes/tmp/the-all-american-showdown-2021/match_wma-womens-championship_2.md"
    },
    {
        "position": 3,
        "type": "Match",
        "header": "WMA Tag-Team Championship",
        "match_id": "765d920f-76b4-467a-8ff9-4889d209be04",
        "participants_display": "The Mad Dogs (Mad Dog Bark,  Mad Dog Bite) vs The Masked Crushers (Crusher #1, Crusher #2)",
        "sides": [
            [
                "Mad Dog Bark",
                " Mad Dog Bite"
            ],
            [
                "Crusher #1",
                "Crusher #2"
            ]
        ],
        "match_result": "Draw (Double disqualification)",
        "match_result_display": "The Mad Dogs (Mad Dog Bark,  Mad Dog Bite) vs The Masked Crushers (Crusher #1, Crusher #2) ended in a draw (double disqualification) (22:11)",
        "summary_file": "/home/gary/github/slamsim/includes/tmp/the-all-american-showdown-2021/match_wma-tag-team-championship_3.md"
    },
    {
        "position": 4,
        "type": "Match",
        "header": "Main Event - World Championship",
        "match_id": "b810edab-c7d2-490d-9dff-7a552271f689",
        "participants_display": "Timothy Myers vs Scott Ashton",
        "sides": [
            [
                "Timothy Myers"
            ],
            [
                "Scott Ashton"
            ]
        ],
        "match_result": "Side 1 (Timothy Myers) wins",
        "match_result_display": "Timothy Myers def. Scott Ashton by pinfall to retain the WMA World Championship (19:43)",
        "summary_file": "/home/gary/github/slamsim/includes/tmp/the-all-american-showdown-2021/match_main-event-world-championship_4.md"
    }
]