[
    {
        "Name": "WMA World Championship",
        "Status": "Active",
        "Holder_Type": "Singles",
        "Current_Holder": "Timothy Myers",
        "Champion_Title": "World Champion",
        "Display_Position": 1,
        "ID": "wma-world-championship-39b5"
    },
    {
        "Name": "WMA World Tag-Team Championship",
        "Status": "Active",
        "Holder_Type": "Tag-Team",
        "Current_Holder": "The Mad Dogs",
        "Champion_Title": "World Tag-Team Champions",
        "Display_Position": 3,
        "ID": "wma-world-tag-team-championship-ee2a"
    },
    {
        "Name": "WMA Women's World Championship",
        "Status": "Active",
        "Holder_Type": "Singles",
        "Current_Holder": "Katy Kelly",
        "Champion_Title": "Women's Champion",
        "Display_Position": 2,
        "ID": "wma-womens-world-championship-285b"
    },
    {
        "Name": "WMA Women's Tag-Team Championship",
        "Status": "Active",
        "Holder_Type": "Tag-Team",
        "Current_Holder": "",
        "Display_Position": 4,
        "ID": "wma-womens-tag-team-championship-927a"
    }
]