[
    {
        "Name": "Men Singles",
        "Holder_Type": "Singles",
        "Display_Position": 1,
        "Status": "Active",
        "ID": "1"
    },
    {
        "Name": "Women Singles",
        "Holder_Type": "Singles",
        "Display_Position": 2,
        "Status": "Active",
        "ID": "2"
    },
    {
        "Name": "Men Tag-Teams",
        "Holder_Type": "Tag-Team",
        "Display_Position": 3,
        "Status": "Active",
        "ID": "3"
    },
    {
        "Name": "Women Tag-Teams",
        "Holder_Type": "Tag-Team",
        "Display_Position": 4,
        "Status": "Active",
        "ID": "4"
    },
    {
        "Name": "Men Prospects",
        "Holder_Type": "Singles",
        "Display_Position": 5,
        "Status": "Active",
        "ID": "5"
    },
    {
        "Name": "Women Prospects",
        "Holder_Type": "Singles",
        "Display_Position": 6,
        "Status": "Active",
        "ID": "6"
    },
    {
        "Name": "Tag-Team Prospects",
        "Holder_Type": "Tag-Team",
        "Display_Position": 7,
        "Status": "Active",
        "ID": "7"
    }
]