[
    {
        "Date": "2021-07-09",
        "Subject": "Testing",
        "Content": "Blah blah blah.",
        "News_ID": "755046d1-ee17-481d-95f6-14d66b9d6ac5"
    },
    {
        "Date": "2021-06-28",
        "Subject": "The All-American Showdown Announced",
        "Content": "It was announced today that the first Pay-Per-View event in WMA, *The All-American Showdown*, will take place on July 10 from Philadelphia, Pennsylvania. During this landmark show, a new Heavyweight Champion, Women's Champion, and Tag-Team Champions will be crowned.",
        "News_ID": "48e4ce76-a83c-4367-b65c-aaf4c968e73c"
    },
    {
        "Date": "2021-07-11",
        "Subject": "New Women's Champion",
        "Content": "Katy Kelly is a champion. Lord help us.",
        "News_ID": "3c294347-d60d-44dc-a604-c522e83a230e"
    }
]