[
    {
        "Name": "Allison Katt",
        "Status": "Active",
        "Division": "2",
        "Nickname": "&quot;Alley Katt&quot;",
        "Location": "Tampa, Florida",
        "Height": "5&#x27;5&quot;",
        "Weight": "104 lbs.",
        "DOB": "1989-05-30",
        "Alignment": "Babyface",
        "Music": "&quot;Walking on Sunshine&quot; by Katrina and the Waves",
        "Faction": "",
        "Manager": "",
        "Moves": "Plie (figure four)|Sur Les Pointes (top turnbuckle drop-kick)",
        "Awards": "",
        "Real_Name": "Allison Matthews",
        "Start_Date": "2021-04-06",
        "Salary": "2021: $300000|2022: $320000",
        "Team": "",
        "Belt": "",
        "Singles_Wins": "1",
        "Singles_Losses": "1",
        "Singles_Draws": "0",
        "Tag_Wins": "0",
        "Tag_Losses": "1",
        "Tag_Draws": "0"
    },
    {
        "Name": "Frank Roberts",
        "Singles_Wins": "0",
        "Singles_Losses": "1",
        "Singles_Draws": "0",
        "Tag_Wins": "1",
        "Tag_Losses": "3",
        "Tag_Draws": "1",
        "Status": "Active",
        "Division": "1",
        "Nickname": "&quot;Foul&quot; Frank",
        "Location": "Houston, Texas",
        "Height": "6'6&quot;",
        "Weight": "290 lbs.",
        "DOB": "1982-10-10",
        "Alignment": "Heel",
        "Music": "&quot;Cowboy Way&quot; by Hellyeah",
        "Team": "The Texas Badlanders",
        "Faction": "",
        "Manager": "",
        "Moves": "Texas Nights (Sleeper from off the ropes)|The Chainsaw (A vicious lariat)",
        "Belt": "",
        "Awards": "Won the silver medallion at the 2021 Ascension Match (10/9/2021)",
        "Real_Name": "Frank Roberts",
        "Start_Date": "2021-04-06",
        "Salary": "2021: $500000|2022: $500000"
    },
    {
        "Name": "Bill McGraw",
        "Status": "Active",
        "Division": "1",
        "Nickname": "\u201cWild\u201d",
        "Location": "San Antonio, Texas",
        "Height": "6 ft. 5 in.",
        "Weight": "268 lbs.",
        "DOB": "1995-09-04",
        "Alignment": "Heel",
        "Music": "\u201cRing of Fire\u201d by Johnny Cash",
        "Faction": "",
        "Manager": "",
        "Moves": "Texas Toast (A flapjack on the top rope or turnbuckle)|The Massacre (A tombstone piledriver from the second turnbuckle)",
        "Awards": "",
        "Real_Name": "William O&#x27;Malley",
        "Start_Date": "2021-04-06",
        "Salary": "2021: $300000|2022: $350000|2023: $350000|2024: $350000",
        "Wrestling_Styles": "Brawler|Dirty",
        "Team": "The Texas Badlanders",
        "Belt": "",
        "Singles_Wins": "0",
        "Singles_Losses": "0",
        "Singles_Draws": "0",
        "Tag_Wins": "0",
        "Tag_Losses": "0",
        "Tag_Draws": "0"
    },
    {
        "Name": "Alexi Chambers",
        "Singles_Wins": "2",
        "Singles_Losses": "0",
        "Singles_Draws": "0",
        "Tag_Wins": "0",
        "Tag_Losses": "0",
        "Tag_Draws": "0",
        "Status": "Active",
        "Division": "1",
        "Nickname": "&quot;The Americanized Psycho&quot;",
        "Location": "Liverpool, England",
        "Height": "6'0&quot;",
        "Weight": "236 lbs.",
        "DOB": "",
        "Alignment": "Heel",
        "Music": "&quot;Deep&quot; by Nine Inch Nails",
        "Team": "",
        "Faction": "",
        "Manager": "",
        "Moves": "Chemical imbalance (a spinning impaler)",
        "Belt": "",
        "Awards": "",
        "Real_Name": "Alexi Chambers",
        "Start_Date": "2021-04-06",
        "Salary": "2021: $300000|320000"
    },
    {
        "Name": "Autumn Chambers",
        "Status": "Active",
        "Division": "2",
        "Nickname": "",
        "Location": "Liverpool, England",
        "Height": "5&#x27;5&amp;quot;",
        "Weight": "120 lbs.",
        "DOB": "",
        "Alignment": "Heel",
        "Music": "",
        "Faction": "",
        "Manager": "",
        "Moves": "",
        "Awards": "",
        "Real_Name": "Autumn Chambers",
        "Start_Date": "2021-04-06",
        "Salary": "2021: $300000",
        "Team": "",
        "Belt": "",
        "Singles_Wins": "2",
        "Singles_Losses": "1",
        "Singles_Draws": "0",
        "Tag_Wins": "0",
        "Tag_Losses": "0",
        "Tag_Draws": "0"
    },
    {
        "Name": "Mandy Matthews",
        "Status": "Active",
        "Division": "2",
        "Nickname": "\u201cThe Relentless\u201d",
        "Location": "Buffalo, New York",
        "Height": "5 ft. 6 in.",
        "Weight": "110 lbs.",
        "DOB": "2002-06-04",
        "Alignment": "Heel",
        "Music": "",
        "Faction": "",
        "Manager": "",
        "Moves": "Brain Damage (A full-nelson slam)|Perfection Bomb (A Spanish Fly)|Headshot (A running knee to the jaw)|The Matthews Cutter (A springboard cutter)|Flashpoint (A springboard spinning wheel kick)",
        "Awards": "",
        "Real_Name": "Amanda Hill",
        "Start_Date": "2021-04-06",
        "Salary": "2021: $300000|2022: $350000|2023: $350000|2024: $350000",
        "Wrestling_Styles": "Submission Specialist|Technical",
        "Team": "",
        "Belt": "",
        "Singles_Wins": "2",
        "Singles_Losses": "0",
        "Singles_Draws": "0",
        "Tag_Wins": "0",
        "Tag_Losses": "1",
        "Tag_Draws": "0"
    },
    {
        "Name": "Johnny Destruction",
        "Status": "Active",
        "Division": "1",
        "Nickname": "",
        "Location": "Phoenix, Arizona",
        "Height": "6 ft. 3 in.",
        "Weight": "280 lbs.",
        "DOB": "1997-04-19",
        "Alignment": "Tweener",
        "Music": "\u201cDestroy Everything\u201d by Hatebreed",
        "Faction": "",
        "Manager": "",
        "Moves": "Disorder (a delayed chokeslam)",
        "Awards": "Inaugural WMA Television Champion|#1 Ranked Male Wrestler, April 2022",
        "Real_Name": "John Harris",
        "Start_Date": "2021-04-06",
        "Salary": "2021: $300000|2022: $500000|2023: $500000|2024: $500000|2025: $500000|2026: $500000",
        "Wrestling_Styles": "Brawler|Powerhouse",
        "Team": "",
        "Belt": "",
        "Singles_Wins": "1",
        "Singles_Losses": "2",
        "Singles_Draws": "0",
        "Tag_Wins": "0",
        "Tag_Losses": "0",
        "Tag_Draws": "0"
    },
    {
        "Name": "Scott Ashton",
        "Status": "Active",
        "Division": "1",
        "Nickname": "&amp;quot;Apocolypse&amp;quot;",
        "Location": "Los Lunos, New Mexico",
        "Height": "6&#x27;7&amp;quot;",
        "Weight": "350 lbs.",
        "DOB": "",
        "Alignment": "Heel",
        "Music": "&amp;quot;The Howling&amp;quot; by Within Temptation",
        "Faction": "",
        "Manager": "",
        "Moves": "The Fourth Rider (Powerbomb)",
        "Awards": "",
        "Real_Name": "Scott Ashton",
        "Start_Date": "2021-04-06",
        "Salary": "2021: $300000",
        "Team": "",
        "Belt": "",
        "Singles_Wins": "1",
        "Singles_Losses": "2",
        "Singles_Draws": "0",
        "Tag_Wins": "0",
        "Tag_Losses": "0",
        "Tag_Draws": "0"
    },
    {
        "Name": "Jamey Kingston",
        "Singles_Wins": "4",
        "Singles_Losses": "0",
        "Singles_Draws": "0",
        "Tag_Wins": "0",
        "Tag_Losses": "0",
        "Tag_Draws": "0",
        "Status": "Active",
        "Division": "1",
        "Nickname": "&quot;The Jamaican Giant&quot;",
        "Location": "Jamaica, West Carribbean",
        "Height": "6'7&quot;",
        "Weight": "320 lbs.",
        "DOB": "1989-11-11",
        "Alignment": "Heel",
        "Music": "&quot;The King&quot; by DJ Slam",
        "Team": "",
        "Faction": "The Master Plan",
        "Manager": "",
        "Moves": "Triplebomb (3 consecutive powerbombs)",
        "Belt": "",
        "Awards": "Inaugural WMA Heavyweight Champion|2021 Male Wrestler of the Year|#1 Ranked Male Wrestler, March 2022",
        "Real_Name": "James Miller",
        "Start_Date": "2021-04-06",
        "Salary": "2021: $300000|2022: $2500000|2023: $2500000|2024: $2500000"
    },
    {
        "Name": "Michael King",
        "Singles_Wins": "1",
        "Singles_Losses": "2",
        "Singles_Draws": "0",
        "Tag_Wins": "0",
        "Tag_Losses": "0",
        "Tag_Draws": "0",
        "Status": "Active",
        "Division": "1",
        "Nickname": "",
        "Location": "The Bronx, New York",
        "Height": "6'3&quot;",
        "Weight": "248 lbs.",
        "DOB": "Neutral",
        "Alignment": "Heel",
        "Music": "",
        "Team": "",
        "Faction": "",
        "Manager": "",
        "Moves": "",
        "Belt": "",
        "Awards": "",
        "Real_Name": "Michael King",
        "Start_Date": "2021-04-06",
        "Salary": "2021: $300000|2022: $320000"
    },
    {
        "Name": "Happy Sam",
        "Singles_Wins": "0",
        "Singles_Losses": "0",
        "Singles_Draws": "0",
        "Tag_Wins": "0",
        "Tag_Losses": "0",
        "Tag_Draws": "0",
        "Status": "Active",
        "Division": "0",
        "Nickname": "",
        "Location": "Happytown, USA",
        "Height": "5'10&quot;",
        "Weight": "205 lbs.",
        "DOB": "",
        "Alignment": "Neutral",
        "Music": "&quot;Happy&quot; by Pharrell Williams",
        "Team": "The Happy Faces",
        "Faction": "",
        "Manager": "Michael Brooks",
        "Moves": "",
        "Belt": "",
        "Awards": "",
        "Real_Name": "Samuel Masters",
        "Start_Date": "2021-04-06",
        "Salary": "2021: $2000000|2022: $2000000|2023: $2000000"
    },
    {
        "Name": "Happy Jack",
        "Singles_Wins": "0",
        "Singles_Losses": "0",
        "Singles_Draws": "0",
        "Tag_Wins": "2",
        "Tag_Losses": "0",
        "Tag_Draws": "0",
        "Status": "Active",
        "Division": "0",
        "Nickname": "",
        "Location": "Happytown, USA",
        "Height": "6'1&quot;",
        "Weight": "214 lbs.",
        "DOB": "",
        "Alignment": "Neutral",
        "Music": "&quot;Happy&quot; by Pharrell Williams",
        "Team": "The Happy Faces",
        "Faction": "",
        "Manager": "Michael Brooks",
        "Moves": "",
        "Belt": "",
        "Awards": "",
        "Real_Name": "John Elias",
        "Start_Date": "2021-04-06",
        "Salary": "2021: $2000000|2022: $2000000|2023: $2000000"
    },
    {
        "Name": "Mad Dog Bark",
        "Status": "Active",
        "Division": "1",
        "Nickname": "",
        "Location": "Buffalo, New York",
        "Height": "6&amp;#x27;2&amp;amp;quot;",
        "Weight": "270 lbs.",
        "DOB": "1990-09-21",
        "Alignment": "Hero",
        "Music": "&amp;amp;quot;Bark and Bite&amp;amp;quot; by Iron Claw",
        "Faction": "",
        "Manager": "",
        "Moves": "",
        "Awards": "",
        "Real_Name": "Tyler Marcuzzi",
        "Start_Date": "2021-04-06",
        "Salary": "2021: $300000|2022: $1000000|2023: $1000000",
        "Wrestling_Styles": "",
        "Hide_From_Fan_Roster": true,
        "Team": "The Mad Dogs",
        "Belt": "",
        "Singles_Wins": "1",
        "Singles_Losses": "0",
        "Singles_Draws": "0",
        "Tag_Wins": "3",
        "Tag_Losses": "0",
        "Tag_Draws": "2"
    },
    {
        "Name": "Mad Dog Bite",
        "Status": "Active",
        "Division": "1",
        "Nickname": "",
        "Location": "Buffalo, New York",
        "Height": "6&amp;#x27;1&amp;amp;quot;",
        "Weight": "284 lbs.",
        "DOB": "1992-12-08",
        "Alignment": "Hero",
        "Music": "&amp;amp;quot;Bark and Bite&amp;amp;quot; by Iron Claw",
        "Faction": "",
        "Manager": "",
        "Moves": "",
        "Awards": "",
        "Real_Name": "Darren Wagner",
        "Start_Date": "2021-04-06",
        "Salary": "2021: $300000|2022: $1000000|2023: $1000000",
        "Wrestling_Styles": "",
        "Hide_From_Fan_Roster": true,
        "Team": "The Mad Dogs",
        "Belt": "",
        "Singles_Wins": "0",
        "Singles_Losses": "0",
        "Singles_Draws": "0",
        "Tag_Wins": "0",
        "Tag_Losses": "0",
        "Tag_Draws": "0"
    },
    {
        "Name": "Rick Walker",
        "Singles_Wins": "2",
        "Singles_Losses": "1",
        "Singles_Draws": "0",
        "Tag_Wins": "0",
        "Tag_Losses": "0",
        "Tag_Draws": "0",
        "Status": "Active",
        "Division": "1",
        "Nickname": "&quot;High Stakes&quot;",
        "Location": "Atlantic City, New Jersey",
        "Height": "5'10&quot;",
        "Weight": "195 lbs.",
        "DOB": "1994-08-14",
        "Alignment": "Face",
        "Music": "&quot;Cool Hand&quot; by Iron Claw",
        "Team": "The BoardWalkers",
        "Faction": "Coast to Coast",
        "Manager": "",
        "Moves": "Royal Flush (A springboard cutter)|House Edge (A rolling elbow)|All In (A top-rope diving knee drop)",
        "Belt": "",
        "Awards": "RSPW World Jr. Heavyweight Champion|#1 Ranked Male Wrestler, November 2021",
        "Real_Name": "Richard Walker, Jr.",
        "Start_Date": "2021-04-19",
        "Salary": "2021: $300000|2022: $750000|2023: $750000|2024: $750000"
    },
    {
        "Name": "Jason Walker",
        "Singles_Wins": "0",
        "Singles_Losses": "0",
        "Singles_Draws": "0",
        "Tag_Wins": "2",
        "Tag_Losses": "1",
        "Tag_Draws": "0",
        "Status": "Active",
        "Division": "1",
        "Nickname": "",
        "Location": "Atlantic City, New Jersey",
        "Height": "5'11&quot;",
        "Weight": "189 lbs.",
        "DOB": "1997-02-12",
        "Alignment": "Face",
        "Music": "",
        "Team": "The BoardWalkers",
        "Faction": "Coast to Coast",
        "Manager": "",
        "Moves": "Ace High (Springboard Cutter)|Royal Flush (Spinning Back Kick to the Head)|Inside Straight (Tilt-a-Whirl DDT)",
        "Belt": "",
        "Awards": "",
        "Real_Name": "Jason Walker",
        "Start_Date": "2024-04-19",
        "Salary": "2021: $300000|2022: $500000|2023: $500000|2024: $500000|2025: $500000"
    },
    {
        "Name": "Mike Wilson",
        "Status": "Active",
        "Division": "1",
        "Nickname": "",
        "Location": "Syracuse, New York",
        "Height": "5&#x27;9&amp;quot;",
        "Weight": "184 lbs.",
        "DOB": "1999-08-23",
        "Alignment": "Hero",
        "Music": "",
        "Faction": "",
        "Manager": "",
        "Moves": "",
        "Awards": "",
        "Real_Name": "Mike Wilson",
        "Start_Date": "2021-04-19",
        "Salary": "2021: $300000",
        "Team": "",
        "Belt": "",
        "Singles_Wins": "0",
        "Singles_Losses": "0",
        "Singles_Draws": "0",
        "Tag_Wins": "2",
        "Tag_Losses": "1",
        "Tag_Draws": "0"
    },
    {
        "Name": "Apryl Raser",
        "Status": "Active",
        "Division": "2",
        "Nickname": "\u201cStatic Widow\u201d",
        "Location": "Columbus, Ohio",
        "Height": "5 ft. 6 in.",
        "Weight": "122 lbs.",
        "DOB": "",
        "Alignment": "Hero",
        "Music": "\u201cThe Haunted Widow\u201d by Iron Claw",
        "Faction": "",
        "Manager": "",
        "Moves": "Widow&#x27;s Kiss (A chicken-Wing arm-bar w/ leg-stretch.)|Widowmaker (Double knee facebreaker)",
        "Awards": "Inaugural WMA Women&#x27;s Champion| 2021 WMA Female Wrestler of the Year",
        "Real_Name": "Apryl Raser",
        "Start_Date": "2021-04-19",
        "Salary": "2021: $300000|2022: $1500000|2023: $1500000",
        "Wrestling_Styles": "Submission Specialist|Technical",
        "Team": "",
        "Belt": "WMA Women's Champion",
        "Singles_Wins": "0",
        "Singles_Losses": "0",
        "Singles_Draws": "0",
        "Tag_Wins": "0",
        "Tag_Losses": "0",
        "Tag_Draws": "0"
    },
    {
        "Name": "Apalachi",
        "Status": "Active",
        "Division": "1",
        "Nickname": "\u201cThe Definition of Power\u201d",
        "Location": "Anaheim, California",
        "Height": "6 ft. 4 in.",
        "Weight": "308 lbs.",
        "DOB": "1984-05-13",
        "Alignment": "Heel",
        "Music": "\u201cKnocked The Eff Out\u201d by DJ Slam",
        "Faction": "",
        "Manager": "",
        "Moves": "The M.B.A. - the Mighty Bearhug of Anaheim  (bearhug)|Powerdown (vertebreaker)|The Ram (Spear to a cornered opponent)",
        "Awards": "",
        "Real_Name": "Ryan King",
        "Start_Date": "2021-04-19",
        "Salary": "2021: $300000|2022: $400000",
        "Wrestling_Styles": "Brawler|Powerhouse",
        "Team": "Mis-Fitz",
        "Belt": "",
        "Singles_Wins": "3",
        "Singles_Losses": "2",
        "Singles_Draws": "0",
        "Tag_Wins": "0",
        "Tag_Losses": "0",
        "Tag_Draws": "0"
    },
    {
        "Name": "Jim Brady",
        "Status": "Active",
        "Division": "1",
        "Nickname": "",
        "Location": "Atlanta, Georgia",
        "Height": "6&#x27;1&amp;quot;",
        "Weight": "210 lbs.",
        "DOB": "1992-05-19",
        "Alignment": "Heel",
        "Music": "",
        "Faction": "",
        "Manager": "",
        "Moves": "",
        "Awards": "",
        "Real_Name": "Jim Brady",
        "Start_Date": "2021-04-19",
        "Salary": "2021: $300000|2022: $400000",
        "Team": "",
        "Belt": "",
        "Singles_Wins": "2",
        "Singles_Losses": "1",
        "Singles_Draws": "0",
        "Tag_Wins": "0",
        "Tag_Losses": "0",
        "Tag_Draws": "0"
    },
    {
        "Name": "Anastasia Phoenix",
        "Status": "Active",
        "Division": "2",
        "Nickname": "",
        "Location": "Boston, Massachusetts",
        "Height": "5 ft. 5 in.",
        "Weight": "133 lbs.",
        "DOB": "1996-04-15",
        "Alignment": "Hero",
        "Music": "\u201cRise\u201d by DJ Slam",
        "Faction": "",
        "Manager": "",
        "Moves": "Rebirth (Fireman\u2019s Carry into a Spinning Cutter)|Phoenix Driver (Bridging Fisherman\u2019s Driver)|Wings of Fire (Slingshot DDT)|Blazing Kick (Running Bicycle Kick)",
        "Awards": "#1 Ranked Female Wrestler, November 2021",
        "Real_Name": "Sarah Fitzpatrick",
        "Start_Date": "2021-04-19",
        "Salary": "2021: $300000|2022: $400000|2023: $400000",
        "Wrestling_Styles": "All-Rounder|Technical",
        "Team": "",
        "Belt": "",
        "Singles_Wins": "2",
        "Singles_Losses": "0",
        "Singles_Draws": "0",
        "Tag_Wins": "0",
        "Tag_Losses": "0",
        "Tag_Draws": "0"
    },
    {
        "Name": "Kiara Haddad",
        "Singles_Wins": "2",
        "Singles_Losses": "0",
        "Singles_Draws": "0",
        "Tag_Wins": "0",
        "Tag_Losses": "2",
        "Tag_Draws": "0",
        "Status": "Active",
        "Division": "2",
        "Nickname": "&quot;The Lost Princess&quot;",
        "Location": "Rihad, Saudi Arabia",
        "Height": "5'4&quot;",
        "Weight": "115 lbs.",
        "DOB": "1998-07-06",
        "Alignment": "Face",
        "Music": "&quot;Fit for a Princess&quot; by DJ Slam",
        "Team": "Diamond Princesses",
        "Faction": "",
        "Manager": "",
        "Moves": "",
        "Belt": "",
        "Awards": "",
        "Real_Name": "Kiara Haddad",
        "Start_Date": "2021-04-19",
        "Salary": "2021: $300000|2022: $320000"
    },
    {
        "Name": "Tammy Terrel",
        "Singles_Wins": "0",
        "Singles_Losses": "1",
        "Singles_Draws": "0",
        "Tag_Wins": "1",
        "Tag_Losses": "0",
        "Tag_Draws": "0",
        "Status": "Active",
        "Division": "2",
        "Nickname": "",
        "Location": "Beverley Hills, California",
        "Height": "5'8&quot;",
        "Weight": "138 lbs.",
        "DOB": "1998-11-03",
        "Alignment": "Face",
        "Music": "",
        "Team": "The California Connection",
        "Faction": "",
        "Manager": "",
        "Moves": "Gag Me! (Double knee facebreaker)|Hello! (Bell clap)|Callie Slam (Alabama Slam)",
        "Belt": "",
        "Awards": "",
        "Real_Name": "Tammy Terrel",
        "Start_Date": "2021-04-19",
        "Salary": "2021: $300000|2022: $400000|2023: $400000"
    },
    {
        "Name": "Candice Whitehall",
        "Singles_Wins": "0",
        "Singles_Losses": "0",
        "Singles_Draws": "0",
        "Tag_Wins": "1",
        "Tag_Losses": "1",
        "Tag_Draws": "0",
        "Status": "Active",
        "Division": "2",
        "Nickname": "&quot;Candy&quot;",
        "Location": "Raleigh, North Carolina",
        "Height": "5'8&quot;",
        "Weight": "128 lbs.",
        "DOB": "1998-03-08",
        "Alignment": "Face",
        "Music": "",
        "Team": "Adrenaline",
        "Faction": "",
        "Manager": "Tracey Stern",
        "Moves": "",
        "Belt": "",
        "Awards": "",
        "Real_Name": "Candice Whitehall",
        "Start_Date": "2021-04-19",
        "Salary": "2021: $300000|2022: $320000|2023: $350000"
    },
    {
        "Name": "Gina Cook",
        "Singles_Wins": "0",
        "Singles_Losses": "0",
        "Singles_Draws": "0",
        "Tag_Wins": "0",
        "Tag_Losses": "0",
        "Tag_Draws": "0",
        "Status": "Active",
        "Division": "2",
        "Nickname": "&quot;Cookie&quot;",
        "Location": "Baltimore, Maryland",
        "Height": "5'6&quot;",
        "Weight": "119 lbs.",
        "DOB": "1995-11-18",
        "Alignment": "Face",
        "Music": "",
        "Team": "Adrenaline",
        "Faction": "",
        "Manager": "Tracey Stern",
        "Moves": "",
        "Belt": "",
        "Awards": "",
        "Real_Name": "Gina Cook",
        "Start_Date": "2021-04-19",
        "Salary": "2021: $300000|2022: $320000|2023: $350000"
    },
    {
        "Name": "Red Mist",
        "Status": "Active",
        "Division": "1",
        "Nickname": "",
        "Location": "Kyoto, Japan",
        "Height": "5&#x27;10&amp;quot;",
        "Weight": "190 lbs.",
        "DOB": "",
        "Alignment": "Heel",
        "Music": "&amp;quot;Supernova&amp;quot; by Mr. Hudson ft. Kanye West",
        "Faction": "",
        "Manager": "Rudy Fresno",
        "Moves": "The Way of the Dragon",
        "Awards": "",
        "Real_Name": "Undisclosed",
        "Start_Date": "2021-04-19",
        "Salary": "2021: $300000",
        "Team": "The Sacred Dragons",
        "Belt": "",
        "Singles_Wins": "0",
        "Singles_Losses": "0",
        "Singles_Draws": "0",
        "Tag_Wins": "1",
        "Tag_Losses": "1",
        "Tag_Draws": "0"
    },
    {
        "Name": "Purple Rime",
        "Status": "Active",
        "Division": "1",
        "Nickname": "",
        "Location": "Kyoto, Japan",
        "Height": "6&#x27;1&amp;quot;",
        "Weight": "200 lbs.",
        "DOB": "",
        "Alignment": "Heel",
        "Music": "&amp;quot;Supernova&amp;quot; by Mr. Hudson ft. Kanye West",
        "Faction": "",
        "Manager": "Rudy Fresno",
        "Moves": "The Way of the Dragon",
        "Awards": "",
        "Real_Name": "Undisclosed",
        "Start_Date": "2021-04-19",
        "Salary": "2021: $300000",
        "Team": "The Sacred Dragons",
        "Belt": "",
        "Singles_Wins": "0",
        "Singles_Losses": "0",
        "Singles_Draws": "0",
        "Tag_Wins": "1",
        "Tag_Losses": "1",
        "Tag_Draws": "0"
    },
    {
        "Name": "Amber Sloane",
        "Status": "Active",
        "Division": "2",
        "Nickname": "",
        "Location": "San Fernando Valley, California",
        "Height": "5 ft. 3 in.",
        "Weight": "116 lbs.",
        "DOB": "1996-10-19",
        "Alignment": "Heel",
        "Music": "\u201cCan&#x27;t Be Tamed\u201d by Miley Cyrus",
        "Faction": "",
        "Manager": "",
        "Moves": "Rodeo Driver (Top rope knee to opponent&#x27;s face)|Kneed for Speed (running high knee to cornered opponent)",
        "Awards": "",
        "Real_Name": "Amber Jeffries",
        "Start_Date": "2021-04-22",
        "Salary": "2021: $300000|2022: $500000|2023: $500000|2024: $500000|2025: $500000",
        "Wrestling_Styles": "High-Flyer|Striker",
        "Team": "The California Connection",
        "Belt": "",
        "Singles_Wins": "1",
        "Singles_Losses": "2",
        "Singles_Draws": "0",
        "Tag_Wins": "1",
        "Tag_Losses": "0",
        "Tag_Draws": "0"
    },
    {
        "Name": "TJ Valentine",
        "Singles_Wins": "2",
        "Singles_Losses": "2",
        "Singles_Draws": "0",
        "Tag_Wins": "0",
        "Tag_Losses": "0",
        "Tag_Draws": "0",
        "Status": "Active",
        "Division": "1",
        "Nickname": "",
        "Location": "Wheeling, West Virginia",
        "Height": "5'10&quot;",
        "Weight": "209 lbs.",
        "DOB": "1988-08-26",
        "Alignment": "Face",
        "Music": "",
        "Team": "",
        "Faction": "Coast to Coast",
        "Manager": "",
        "Moves": "",
        "Belt": "",
        "Awards": "",
        "Real_Name": "Timothy Valentine",
        "Start_Date": "2021-04-22",
        "Salary": "2021: $300000|2022: $320000"
    },
    {
        "Name": "Max Dynamite",
        "Singles_Wins": "0",
        "Singles_Losses": "0",
        "Singles_Draws": "0",
        "Tag_Wins": "0",
        "Tag_Losses": "0",
        "Tag_Draws": "1",
        "Status": "Active",
        "Division": "1",
        "Nickname": "",
        "Location": "Philadelphia, Pennsylvania",
        "Height": "6'0&quot;",
        "Weight": "220 lbs.",
        "DOB": "",
        "Alignment": "Face",
        "Music": "&quot;Bleed It Out&quot; by Linkin Park",
        "Team": "Rated Extreme",
        "Faction": "",
        "Manager": "",
        "Moves": "Detination (a double foot stomp from the top turnbuckle)",
        "Belt": "",
        "Awards": "",
        "Real_Name": "Max Gallucci",
        "Start_Date": "2021-04-28",
        "Salary": "2021: $300000|2022: $350000"
    },
    {
        "Name": "Payne",
        "Singles_Wins": "0",
        "Singles_Losses": "0",
        "Singles_Draws": "0",
        "Tag_Wins": "0",
        "Tag_Losses": "0",
        "Tag_Draws": "0",
        "Status": "Active",
        "Division": "1",
        "Nickname": "&quot;The Monster&quot;",
        "Location": "Chicago, Illinois",
        "Height": "6'5&quot;",
        "Weight": "300 lbs.",
        "DOB": "",
        "Alignment": "Face",
        "Music": "&quot;Duality&quot; by Slipknot",
        "Team": "Rated Extreme",
        "Faction": "",
        "Manager": "",
        "Moves": "&quot;Bullseye&quot; (Top rope head butt)",
        "Belt": "",
        "Awards": "",
        "Real_Name": "Sabastian Payne",
        "Start_Date": "2021-04-28",
        "Salary": "2021: $300000|2022: $350000"
    },
    {
        "Name": "Fitzgerald",
        "Singles_Wins": "2",
        "Singles_Losses": "1",
        "Singles_Draws": "0",
        "Tag_Wins": "0",
        "Tag_Losses": "0",
        "Tag_Draws": "0",
        "Status": "Active",
        "Division": "1",
        "Nickname": "&quot;Mr. Ridiculous&quot;",
        "Location": "Boise, Idaho",
        "Height": "6'2&quot;",
        "Weight": "248 lbs.",
        "DOB": "",
        "Alignment": "Face",
        "Music": "&quot;Boom, Boom&quot; by Raffi",
        "Team": "",
        "Faction": "",
        "Manager": "",
        "Moves": "Rack of Fitz (Submission finisher)|Spin Til You Hurl (airplane spin)|Fitz of Rage (Comeback/Counter)",
        "Belt": "",
        "Awards": "WMA Television Champion|SWA World Champion",
        "Real_Name": "Fitzgerald Fitzpatrick",
        "Start_Date": "2021-04-28",
        "Salary": "2021: $1000000|2022: $1000000"
    },
    {
        "Name": "Katy Kelly",
        "Singles_Wins": "1",
        "Singles_Losses": "1",
        "Singles_Draws": "0",
        "Tag_Wins": "0",
        "Tag_Losses": "0",
        "Tag_Draws": "0",
        "Status": "Active",
        "Division": "2",
        "Nickname": "",
        "Location": "Encino, California",
        "Height": "5'9&quot;",
        "Weight": "134 lbs.",
        "DOB": "",
        "Alignment": "Heel",
        "Music": "&quot;Out of Your League&quot; by Iron Claw and Fox Kelly",
        "Team": "",
        "Faction": "",
        "Manager": "",
        "Moves": "Fallen Angel (a modified underhook DDT)|Strutter (Boot between her opponent's legs or in their rear-end)",
        "Belt": "WMA Women's World Championship",
        "Awards": "",
        "Real_Name": "Katy Kelly",
        "Start_Date": "2021-04-28",
        "Salary": "2021: $300000|2022: $320000"
    },
    {
        "Name": "Fox Kelly",
        "Singles_Wins": "0",
        "Singles_Losses": "0",
        "Singles_Draws": "0",
        "Tag_Wins": "0",
        "Tag_Losses": "0",
        "Tag_Draws": "0",
        "Status": "Active",
        "Division": "1",
        "Nickname": "&quot;The Gangster of Love&quot;",
        "Location": "Hollywood, California",
        "Height": "6'2&quot;",
        "Weight": "235 lbs.",
        "DOB": "",
        "Alignment": "Heel",
        "Music": "&quot;The OG of Love&quot; by Iron Claw and Fox Kelly",
        "Team": "",
        "Faction": "",
        "Manager": "",
        "Moves": "Screwed,Blued and Tattooed (A big splash followed by a second rope moonsault)|Balls to the Wall (Boot between the opponent's legs)",
        "Belt": "",
        "Awards": "",
        "Real_Name": "Fredrick Kelly",
        "Start_Date": "2021-04-28",
        "Salary": "2021: $300000|2022: $500000|2023:$500000"
    },
    {
        "Name": "Extreme Randy",
        "Status": "Active",
        "Division": "1",
        "Nickname": "",
        "Location": "Becker, Minnesota",
        "Height": "6&#x27;1&amp;quot;",
        "Weight": "256 lbs.",
        "DOB": "",
        "Alignment": "Hero",
        "Music": "",
        "Faction": "",
        "Manager": "",
        "Moves": "",
        "Awards": "",
        "Real_Name": "Randy Davis",
        "Start_Date": "2021-04-28",
        "Salary": "2021: $300000",
        "Team": "",
        "Belt": "",
        "Singles_Wins": "1",
        "Singles_Losses": "1",
        "Singles_Draws": "0",
        "Tag_Wins": "0",
        "Tag_Losses": "0",
        "Tag_Draws": "0"
    },
    {
        "Name": "Dana Diamond",
        "Singles_Wins": "1",
        "Singles_Losses": "0",
        "Singles_Draws": "0",
        "Tag_Wins": "0",
        "Tag_Losses": "2",
        "Tag_Draws": "0",
        "Status": "Active",
        "Division": "2",
        "Nickname": "",
        "Location": "Baltimore, Maryland",
        "Height": "5'6&quot;",
        "Weight": "133 lbs.",
        "DOB": "1998-10-12",
        "Alignment": "Face",
        "Music": "",
        "Team": "Diamond Princesses",
        "Faction": "",
        "Manager": "",
        "Moves": "Diamond Driver (Death Valley Driver)",
        "Belt": "",
        "Awards": "",
        "Real_Name": "Dana Elmer",
        "Start_Date": "2021-05-05",
        "Salary": "2021: $300000|2022: $320000|2023: $350000"
    },
    {
        "Name": "Arsen",
        "Singles_Wins": "1",
        "Singles_Losses": "1",
        "Singles_Draws": "0",
        "Tag_Wins": "0",
        "Tag_Losses": "0",
        "Tag_Draws": "0",
        "Status": "Active",
        "Division": "2",
        "Nickname": "",
        "Location": "Las Vegas, Nevada",
        "Height": "5'4&quot;",
        "Weight": "125 lbs.",
        "DOB": "1993-08-15",
        "Alignment": "Heel",
        "Music": "",
        "Team": "Fire Women",
        "Faction": "",
        "Manager": "",
        "Moves": "",
        "Belt": "",
        "Awards": "",
        "Real_Name": "Megan McGee",
        "Start_Date": "2021-05-05",
        "Salary": "2021: $300000|2022: $320000"
    },
    {
        "Name": "KC Shore",
        "Status": "Active",
        "Division": "1",
        "Nickname": "\u201cRock and Roll\u201d",
        "Location": "Seattle, Washington",
        "Height": "6 ft. 1 in.",
        "Weight": "215 lbs.",
        "DOB": "1986-08-04",
        "Alignment": "Hero",
        "Music": "\u201cForever Rockin\u201d by DJ Slam",
        "Faction": "Coast to Coast",
        "Manager": "",
        "Moves": "Rock &amp; Drop (A flying bulldog)|KC Catapolt (Catapolt over the top rope into the ring)|Rock-a-bye (A sleeper)",
        "Awards": "WMA Television Champion|#1 Ranked Male Wrestler, October 2021|#1 Ranked Male Wrestler, December 2021 (2)|#1 Ranked Male Wrestler, January 2022 (3)",
        "Real_Name": "Kevin Shore",
        "Start_Date": "2021-05-05",
        "Salary": "2021: $300000|2022: $750000|2023: $750000",
        "Wrestling_Styles": "All-Rounder|High-Flyer|Technical",
        "Team": "",
        "Belt": "",
        "Singles_Wins": "4",
        "Singles_Losses": "0",
        "Singles_Draws": "0",
        "Tag_Wins": "0",
        "Tag_Losses": "0",
        "Tag_Draws": "0"
    },
    {
        "Name": "Joe Shore",
        "Singles_Wins": "0",
        "Singles_Losses": "2",
        "Singles_Draws": "0",
        "Tag_Wins": "0",
        "Tag_Losses": "0",
        "Tag_Draws": "0",
        "Status": "Active",
        "Division": "1",
        "Nickname": "",
        "Location": "Seattle, Washington",
        "Height": "6'0&quot;",
        "Weight": "224 lbs.",
        "DOB": "1984-02-12",
        "Alignment": "Face",
        "Music": "",
        "Team": "",
        "Faction": "Coast to Coast",
        "Manager": "",
        "Moves": "&quot;The Boom&quot; (Garvin Punch off of the ropes)",
        "Belt": "",
        "Awards": "",
        "Real_Name": "Joe Shore",
        "Start_Date": "2021-05-05",
        "Salary": "2021: $300000|2022: $350000|2023: $400000"
    },
    {
        "Name": "Noah Brady",
        "Singles_Wins": "0",
        "Singles_Losses": "0",
        "Singles_Draws": "0",
        "Tag_Wins": "1",
        "Tag_Losses": "1",
        "Tag_Draws": "0",
        "Status": "Active",
        "Division": "1",
        "Nickname": "",
        "Location": "Portland, Oregon",
        "Height": "6'3&quot;",
        "Weight": "237 lbs.",
        "DOB": "1987-12-04",
        "Alignment": "Heel",
        "Music": "&quot;It's a Twin Thing&quot; by DJ Slam",
        "Team": "The Pumas",
        "Faction": "",
        "Manager": "",
        "Moves": "Noah's Ark (a standing camel clutch)|2 By 2 (a shining wizard)",
        "Belt": "",
        "Awards": "",
        "Real_Name": "Noah Brady",
        "Start_Date": "2021-05-05",
        "Salary": "2021: $300000|2022: $400000|2023: $400000"
    },
    {
        "Name": "Killian Brady",
        "Singles_Wins": "0",
        "Singles_Losses": "1",
        "Singles_Draws": "0",
        "Tag_Wins": "1",
        "Tag_Losses": "1",
        "Tag_Draws": "0",
        "Status": "Active",
        "Division": "1",
        "Nickname": "",
        "Location": "Portland, Oregon",
        "Height": "6'1&quot;",
        "Weight": "229 lbs.",
        "DOB": "1987-12-04",
        "Alignment": "Heel",
        "Music": "&quot;It's a Twin Thing&quot; by DJ Slam",
        "Team": "The Pumas",
        "Faction": "",
        "Manager": "",
        "Moves": "Brady Bomb (jumping leg lariet)|Slam Dunk (famasser)",
        "Belt": "",
        "Awards": "",
        "Real_Name": "Killian Brady",
        "Start_Date": "2021-05-05",
        "Salary": "2021: $300000|2022: $400000|2023: $400000"
    },
    {
        "Name": "Elena Sanchez",
        "Singles_Wins": "0",
        "Singles_Losses": "0",
        "Singles_Draws": "0",
        "Tag_Wins": "2",
        "Tag_Losses": "0",
        "Tag_Draws": "0",
        "Status": "Active",
        "Division": "0",
        "Nickname": "",
        "Location": "The Bronx, New York",
        "Height": "5'8&quot;",
        "Weight": "142 lbs.",
        "DOB": "1995-08-09",
        "Alignment": "Heel",
        "Music": "&quot;Hot Bitch in the Hood&quot; by DJ Slam",
        "Team": "Las Chicas Viciosas",
        "Faction": "",
        "Manager": "",
        "Moves": "",
        "Belt": "",
        "Awards": "WMA Women's Tag-Team Champion",
        "Real_Name": "Elena Sanchez",
        "Start_Date": "2021-05-05",
        "Salary": "2021: $300000|2022: $500000|2023: $500000|2024: $500000|2025: $500000"
    },
    {
        "Name": "Rita Gomez",
        "Singles_Wins": "0",
        "Singles_Losses": "0",
        "Singles_Draws": "0",
        "Tag_Wins": "2",
        "Tag_Losses": "0",
        "Tag_Draws": "0",
        "Status": "Active",
        "Division": "0",
        "Nickname": "",
        "Location": "The Bronx, New York",
        "Height": "5'6&quot;",
        "Weight": "139 lbs.",
        "DOB": "1994-03-18",
        "Alignment": "Heel",
        "Music": "&quot;Hot Bitch in the Hood&quot; by DJ Slam",
        "Team": "Las Chicas Viciosas",
        "Faction": "",
        "Manager": "",
        "Moves": "",
        "Belt": "",
        "Awards": "WMA Women's Tag-Team Champion",
        "Real_Name": "Rita Gomez",
        "Start_Date": "2021-05-05",
        "Salary": "2021: $300000|2022: $500000|2023: $500000|2024: $500000|2025: $500000"
    },
    {
        "Name": "Bobby Biceps",
        "Singles_Wins": "1",
        "Singles_Losses": "0",
        "Singles_Draws": "0",
        "Tag_Wins": "0",
        "Tag_Losses": "0",
        "Tag_Draws": "0",
        "Status": "Active",
        "Division": "1",
        "Nickname": "&quot;The Golden Stud&quot;",
        "Location": "Hollywood, California",
        "Height": "6'2&quot;",
        "Weight": "235 lbs.",
        "DOB": "1985-05-01",
        "Alignment": "Face",
        "Music": "&quot;Shine&quot; by DJ Slam",
        "Team": "",
        "Faction": "",
        "Manager": "",
        "Moves": "Lethal Knee Move (Modified Boston crab)|The Golden Goose (An elbow drop from the top rope)|Biceps Bomb (a running powerbomb)",
        "Belt": "",
        "Awards": "",
        "Real_Name": "Robert Leary",
        "Start_Date": "2021-05-12",
        "Salary": "2021: $300000"
    },
    {
        "Name": "Ranger Ross",
        "Singles_Wins": "1",
        "Singles_Losses": "0",
        "Singles_Draws": "0",
        "Tag_Wins": "0",
        "Tag_Losses": "0",
        "Tag_Draws": "0",
        "Status": "Active",
        "Division": "1",
        "Nickname": "",
        "Location": "West Yellowstone, Montana",
        "Height": "6'5&quot;",
        "Weight": "288 lbs.",
        "DOB": "1982-06-08",
        "Alignment": "Face",
        "Music": "",
        "Team": "",
        "Faction": "",
        "Manager": "",
        "Moves": "",
        "Belt": "",
        "Awards": "",
        "Real_Name": "Derek Rosswell",
        "Start_Date": "2021-05-20",
        "Salary": "2021: $300000|2022: $320000"
    },
    {
        "Name": "Piper Pepper",
        "Singles_Wins": "1",
        "Singles_Losses": "0",
        "Singles_Draws": "0",
        "Tag_Wins": "1",
        "Tag_Losses": "0",
        "Tag_Draws": "0",
        "Status": "Active",
        "Division": "2",
        "Nickname": "&quot;Hard Hitting&quot;",
        "Location": "St. Petersburg, Florida",
        "Height": "5'11&quot;",
        "Weight": "164 lbs.",
        "DOB": "1990-07-14",
        "Alignment": "Face",
        "Music": "&quot;So What?&quot; by Pink",
        "Team": "",
        "Faction": "",
        "Manager": "",
        "Moves": "Pepper Shaker (A modified DDT)|The Pepper Stake (A spear)|The HHPP (A modified pedigree)",
        "Belt": "",
        "Awards": "NEWA World Champion|#1 Ranked Female Wrestler, December 2021|#1 Ranked Female Wrestler, March 2022 (2)",
        "Real_Name": "Penny McGuiness",
        "Start_Date": "2021-05-26",
        "Salary": "2021: $2000000|2022: $2000000"
    },
    {
        "Name": "Missy Wallace",
        "Singles_Wins": "0",
        "Singles_Losses": "1",
        "Singles_Draws": "0",
        "Tag_Wins": "0",
        "Tag_Losses": "0",
        "Tag_Draws": "0",
        "Status": "Active",
        "Division": "2",
        "Nickname": "",
        "Location": "Beverley Hills, California",
        "Height": "5'8&quot;",
        "Weight": "130 lbs.",
        "DOB": "1999-07-03",
        "Alignment": "Neutral",
        "Music": "",
        "Team": "",
        "Faction": "",
        "Manager": "",
        "Moves": "Falling Star (Springboard Cutter)|Missy Missile (Springboard Missile Dropkick)|Starstruck (Handspring Enzuigiri)",
        "Belt": "",
        "Awards": "",
        "Real_Name": "Melissa Wallace",
        "Start_Date": "2021-05-26",
        "Salary": "2021: $300000|2022: $350000|2023: $350000"
    },
    {
        "Name": "Jessica James",
        "Status": "Active",
        "Division": "2",
        "Nickname": "\u201cThe Outlaw\u201d",
        "Location": "Dallas, Texas",
        "Height": "5 ft. 7 in.",
        "Weight": "128 lbs.",
        "DOB": "1997-01-09",
        "Alignment": "Heel",
        "Music": "\u201cThe Outlaw\u201d by Iron Claw",
        "Faction": "",
        "Manager": "",
        "Moves": "Shoot First (Superkick)",
        "Awards": "#1 Ranked Female Wrestler, October 2021|#1 Ranked Female Wrestler, April 2022 (2)",
        "Real_Name": "Jessica Holte",
        "Start_Date": "2021-05-26",
        "Salary": "2021: $300000|2022: $500000|2023: $500000|2024: $500000|2025: $500000|2026: $500000",
        "Wrestling_Styles": "Striker|Technical",
        "Team": "",
        "Belt": "",
        "Singles_Wins": "2",
        "Singles_Losses": "0",
        "Singles_Draws": "0",
        "Tag_Wins": "0",
        "Tag_Losses": "0",
        "Tag_Draws": "0"
    },
    {
        "Name": "Chris Davids",
        "Status": "Active",
        "Division": "1",
        "Nickname": "",
        "Location": "Washington, DC",
        "Height": "6 ft. 2 in.",
        "Weight": "225 lbs.",
        "DOB": "1980-10-31",
        "Alignment": "Hero",
        "Music": "\u201cThe Show Must Go On\u201d by Queen",
        "Faction": "",
        "Manager": "Shadowcat",
        "Moves": "Breakthru (Axe kick)|Under Pressure (Diving cross-body from top)",
        "Awards": "",
        "Real_Name": "Christopher Davids",
        "Start_Date": "2021-07-15",
        "Salary": "2021: $500000|2022: $500000",
        "Wrestling_Styles": "All-Rounder|High-Flyer|Striker",
        "Team": "Knightfall",
        "Belt": "",
        "Singles_Wins": "0",
        "Singles_Losses": "0",
        "Singles_Draws": "0",
        "Tag_Wins": "3",
        "Tag_Losses": "0",
        "Tag_Draws": "0"
    },
    {
        "Name": "John Blair",
        "Status": "Active",
        "Division": "1",
        "Nickname": "",
        "Location": "Los Angeles, California",
        "Height": "6 ft. 2 in.",
        "Weight": "250 lbs.",
        "DOB": "1968-07-08",
        "Alignment": "Hero",
        "Music": "\u201cThe Pretender\u201d by Foo Fighters",
        "Faction": "",
        "Manager": "Shadowcat",
        "Moves": "Tombstone (Double axehandle)|The Eleventh Hour (A superkick to the chin)",
        "Awards": "",
        "Real_Name": "John Blair",
        "Start_Date": "2021-07-15",
        "Salary": "2021: $500000|2022: $500000",
        "Wrestling_Styles": "Brawler|Striker",
        "Team": "Knightfall",
        "Belt": "",
        "Singles_Wins": "0",
        "Singles_Losses": "0",
        "Singles_Draws": "0",
        "Tag_Wins": "3",
        "Tag_Losses": "0",
        "Tag_Draws": "0"
    },
    {
        "Name": "Malcolm Cross",
        "Singles_Wins": "0",
        "Singles_Losses": "0",
        "Singles_Draws": "0",
        "Tag_Wins": "0",
        "Tag_Losses": "0",
        "Tag_Draws": "0",
        "Status": "Active",
        "Division": "1",
        "Nickname": "",
        "Location": "Toronto, Ontario",
        "Height": "6'0&quot;",
        "Weight": "225 lbs.",
        "DOB": "",
        "Alignment": "Neutral",
        "Music": "&quot;Penance&quot; by Device",
        "Team": "",
        "Faction": "",
        "Manager": "",
        "Moves": "The Reckoning (A lion tamer)|Fade to Black (A snap DDT)|Cross to Bear (A crucifix bomb)",
        "Belt": "",
        "Awards": "GCW Global Champion (2x)|#1 Ranked Male Wrestler - September 2021",
        "Real_Name": "Malcolm Cross",
        "Start_Date": "2021-08-19",
        "Salary": "2021: $2000000| 2022: $2000000"
    },
    {
        "Name": "Rage Blackwolf",
        "Singles_Wins": "1",
        "Singles_Losses": "0",
        "Singles_Draws": "0",
        "Tag_Wins": "0",
        "Tag_Losses": "0",
        "Tag_Draws": "0",
        "Status": "Active",
        "Division": "1",
        "Nickname": "&quot;The Dark Demon&quot;",
        "Location": "Dallas, Texas",
        "Height": "6'9&quot;",
        "Weight": "311 lbs.",
        "DOB": "1980-10-31",
        "Alignment": "Face",
        "Music": "&quot;Up From The Ashes&quot; by Burn Halo",
        "Team": "Rage and Destruction",
        "Faction": "",
        "Manager": "",
        "Moves": "The Demon Driver (A modified Death Valley Driver)|The Destroyer (A flapjack slam)|Gates of Hell (A modified double chickenwing)|The Downward Spiral (A sidewalk slam)",
        "Belt": "",
        "Awards": "Won the bronze medallion at the 2021 Ascension Match (2021.10.09)",
        "Real_Name": "Braeden Marcos Wolfe",
        "Start_Date": "2021-08-19",
        "Salary": "2021: $300000"
    },
    {
        "Name": "Zach Gordon",
        "Singles_Wins": "0",
        "Singles_Losses": "0",
        "Singles_Draws": "0",
        "Tag_Wins": "0",
        "Tag_Losses": "0",
        "Tag_Draws": "0",
        "Status": "Active",
        "Division": "1",
        "Nickname": "&quot;Flash&quot;",
        "Location": "Tampa, Florida",
        "Height": "5'10&quot;",
        "Weight": "192 lbs.",
        "DOB": "1996-02-18",
        "Alignment": "Face",
        "Music": "",
        "Team": "Air America",
        "Faction": "",
        "Manager": "",
        "Moves": "",
        "Belt": "",
        "Awards": "",
        "Real_Name": "Zachory Gordon",
        "Start_Date": "2021-08-30",
        "Salary": "2021: $300000"
    },
    {
        "Name": "Alexander Midas",
        "Status": "Active",
        "Division": "1",
        "Nickname": "\u201cThe Golden Standard\u201d",
        "Location": "Beverley Hills, California",
        "Height": "5 ft. 9 in.",
        "Weight": "221 lbs.",
        "DOB": "1987-01-01",
        "Alignment": "Heel",
        "Music": "&amp;amp;quot;All That Glitters Is Gold&amp;amp;quot; by Aliases",
        "Faction": "",
        "Manager": "Alyssa Midas",
        "Moves": "The Midas Touch (Iron claw)|Golden Rule (Brainbuster)",
        "Awards": "GCW World Champion (3x)",
        "Real_Name": "Alan Michaels",
        "Start_Date": "2021-09-02",
        "Salary": "2021: $2000000",
        "Wrestling_Styles": "Brawler|Dirty",
        "Team": "",
        "Belt": "",
        "Singles_Wins": "0",
        "Singles_Losses": "0",
        "Singles_Draws": "0",
        "Tag_Wins": "0",
        "Tag_Losses": "0",
        "Tag_Draws": "0"
    },
    {
        "Name": "Rob Johnson",
        "Singles_Wins": "0",
        "Singles_Losses": "0",
        "Singles_Draws": "0",
        "Tag_Wins": "0",
        "Tag_Losses": "0",
        "Tag_Draws": "0",
        "Status": "Active",
        "Division": "1",
        "Nickname": "&quot;The Boss&quot;",
        "Location": "Atlantic City, New Jersey",
        "Height": "5'10&quot;",
        "Weight": "208 lbs.",
        "DOB": "1991-12-04",
        "Alignment": "Heel",
        "Music": "",
        "Team": "",
        "Faction": "The Master Plan",
        "Manager": "",
        "Moves": "Born to Run (A running Death Valley Driver)|Thunder Road (An elbow drop)",
        "Belt": "WMA Television Champion",
        "Awards": "WMA Television Champion",
        "Real_Name": "Robert Johnson",
        "Start_Date": "2021-09-02",
        "Salary": "2021: $300000"
    },
    {
        "Name": "Timothy Myers",
        "Status": "Active",
        "Division": "1",
        "Nickname": "\u201cThe Rebel\u201d",
        "Location": "Los Angeles, California",
        "Height": "6 ft. 5 in.",
        "Weight": "240 lbs.",
        "DOB": "1986-08-28",
        "Alignment": "Anti-hero",
        "Music": "&amp;quot;American Badass (Rebel Mix)&amp;quot; by Kid Rock",
        "Faction": "",
        "Manager": "",
        "Moves": "Rock Your World (Twisting Brainbuster)|The Room Spun (Spinning powerbomb)|The Flatline (A vicious spear from the ropes)",
        "Awards": "GCW Global Champion (2x)|WMA World Champion|Won the gold medallion at the 2021 Ascension Match (2021.10.09)|#1 Ranked Male Wrestler, February 2022",
        "Real_Name": "Timothy Myers",
        "Start_Date": "2021-09-09",
        "Salary": "2021: $1500000|2022: $1500000|2023: $1500000",
        "Wrestling_Styles": "All-Rounder|Powerhouse|Technical",
        "Team": "",
        "Belt": "WMA World Championship",
        "Singles_Wins": "2",
        "Singles_Losses": "1",
        "Singles_Draws": "0",
        "Tag_Wins": "0",
        "Tag_Losses": "0",
        "Tag_Draws": "0"
    },
    {
        "Name": "Officer Cass Evans",
        "Singles_Wins": "0",
        "Singles_Losses": "0",
        "Singles_Draws": "0",
        "Tag_Wins": "1",
        "Tag_Losses": "0",
        "Tag_Draws": "0",
        "Status": "Active",
        "Division": "2",
        "Nickname": "",
        "Location": "Detroit, Michigan",
        "Height": "5'9&quot;",
        "Weight": "145 lbs.",
        "DOB": "1989-11-12",
        "Alignment": "Face",
        "Music": "",
        "Team": "",
        "Faction": "",
        "Manager": "",
        "Moves": "Stun Gun (Bicycle kick)|Merandized (Hammerlock)",
        "Belt": "",
        "Awards": "#1 Ranked Female Wrestler, January 2022|#1 Ranked Female Wrestler, February 2022 (2)",
        "Real_Name": "Cassidy Evans",
        "Start_Date": "2021-09-09",
        "Salary": "2021: $300000"
    },
    {
        "Name": "Carla Rivera",
        "Singles_Wins": "0",
        "Singles_Losses": "0",
        "Singles_Draws": "0",
        "Tag_Wins": "0",
        "Tag_Losses": "0",
        "Tag_Draws": "0",
        "Status": "Active",
        "Division": "2",
        "Nickname": "&quot;The Cold Bitch&quot;",
        "Location": "Edminton, Alberta, Canada",
        "Height": "5'6&quot;",
        "Weight": "135 lbs.",
        "DOB": "1991-04-30",
        "Alignment": "Heel",
        "Music": "&quot;1000 HP&quot; by Godsmack",
        "Team": "Leather Angels",
        "Faction": "",
        "Manager": "Tracy Stern",
        "Moves": "",
        "Belt": "",
        "Awards": "",
        "Real_Name": "Carla Rivera",
        "Start_Date": "2021-10-14",
        "Salary": "2021: $300000"
    },
    {
        "Name": "Jackie Scott",
        "Singles_Wins": "0",
        "Singles_Losses": "0",
        "Singles_Draws": "0",
        "Tag_Wins": "0",
        "Tag_Losses": "0",
        "Tag_Draws": "0",
        "Status": "Active",
        "Division": "2",
        "Nickname": "",
        "Location": "Vancouver, British Columbia, Canada",
        "Height": "5'8&quot;",
        "Weight": "142 lbs.",
        "DOB": "1994-03-03",
        "Alignment": "Heel",
        "Music": "&quot;1000 HP&quot; by Godsmack",
        "Team": "Leather Angels",
        "Faction": "",
        "Manager": "Tracy Stern",
        "Moves": "",
        "Belt": "",
        "Awards": "",
        "Real_Name": "Jackie Scott",
        "Start_Date": "2021-11-15",
        "Salary": "2021: $300000"
    },
    {
        "Name": "Robert Swanson",
        "Singles_Wins": "0",
        "Singles_Losses": "0",
        "Singles_Draws": "0",
        "Tag_Wins": "0",
        "Tag_Losses": "0",
        "Tag_Draws": "0",
        "Status": "Active",
        "Division": "1",
        "Nickname": "",
        "Location": "Savannah, Georgia",
        "Height": "5'10&quot;",
        "Weight": "189 lbs.",
        "DOB": "1997-05-10",
        "Alignment": "Face",
        "Music": "",
        "Team": "Air America",
        "Faction": "",
        "Manager": "",
        "Moves": "Super Swan Dive",
        "Belt": "",
        "Awards": "",
        "Real_Name": "Robert Swanson",
        "Start_Date": "2021-11-15",
        "Salary": "2021: $300000"
    },
    {
        "Name": "The Moon Child",
        "Singles_Wins": "0",
        "Singles_Losses": "0",
        "Singles_Draws": "0",
        "Tag_Wins": "0",
        "Tag_Losses": "0",
        "Tag_Draws": "0",
        "Status": "Active",
        "Division": "2",
        "Nickname": "",
        "Location": "San Francisco, California",
        "Height": "5'4&quot;",
        "Weight": "118 lbs.",
        "DOB": "1999-11-01",
        "Alignment": "Neutral",
        "Music": "",
        "Team": "Moon Ray",
        "Faction": "",
        "Manager": "",
        "Moves": "Eclipse (A springboard DDT)",
        "Belt": "",
        "Awards": "",
        "Real_Name": "Emma Tyler",
        "Start_Date": "2021-11-15",
        "Salary": "2021: $300000"
    },
    {
        "Name": "Tabitha Ray",
        "Singles_Wins": "0",
        "Singles_Losses": "0",
        "Singles_Draws": "0",
        "Tag_Wins": "0",
        "Tag_Losses": "0",
        "Tag_Draws": "0",
        "Status": "Active",
        "Division": "2",
        "Nickname": "",
        "Location": "Tampa, Florida",
        "Height": "5'8&quot;",
        "Weight": "134 lbs.",
        "DOB": "1998-06-21",
        "Alignment": "Neutral",
        "Music": "",
        "Team": "Moon Ray",
        "Faction": "",
        "Manager": "",
        "Moves": "Outshine (a flip-over piledriver)",
        "Belt": "",
        "Awards": "",
        "Real_Name": "RebeccaOakridge",
        "Start_Date": "2021-11-15",
        "Salary": "2021: $300000"
    },
    {
        "Name": "Riddick",
        "Singles_Wins": "0",
        "Singles_Losses": "0",
        "Singles_Draws": "0",
        "Tag_Wins": "0",
        "Tag_Losses": "0",
        "Tag_Draws": "0",
        "Status": "Active",
        "Division": "1",
        "Nickname": "",
        "Location": "Muskegon, Michigan",
        "Height": "6'0&quot;",
        "Weight": "230 lbs.",
        "DOB": "1979-01-23",
        "Alignment": "Heel",
        "Music": "&quot;No Love&quot; by Eminem",
        "Team": "",
        "Faction": "The 7th Circle",
        "Manager": "",
        "Moves": "Riddick's Rage (reverse Pedigree)|C'est La Vie (Russian neck drop)|The End (full nelson face buster)",
        "Belt": "",
        "Awards": "RSPW World Champion|RSPW World Hardcore Champion (8x)",
        "Real_Name": "Paul Stone",
        "Start_Date": "2021-11-18",
        "Salary": "2021: $1000000|2022: $1000000"
    },
    {
        "Name": "Danielle Marks",
        "Status": "Active",
        "Division": "2",
        "Nickname": "\u201cThe Spark\u201d",
        "Location": "Los Angeles, California",
        "Height": "5 ft. 9 in.",
        "Weight": "140 lbs.",
        "DOB": "1993-09-04",
        "Alignment": "Heel",
        "Music": "\u201c2 Hot 2 Touch\u201d by DJ Slam",
        "Faction": "",
        "Manager": "",
        "Moves": "Power Surge (A rolling elbow smash)|Static Shock (Tilt-a-whirl backbreaker followed by a stiff running knee to the ribs)|The Circuit Breaker (A delayed brainbuster)",
        "Awards": "",
        "Real_Name": "Danielle Oleski",
        "Start_Date": "2022-01-06",
        "Salary": "2022: $300000",
        "Wrestling_Styles": "All-Rounder|Striker|Technical",
        "Team": "The Hot Shots",
        "Belt": "",
        "Singles_Wins": "0",
        "Singles_Losses": "0",
        "Singles_Draws": "0",
        "Tag_Wins": "1",
        "Tag_Losses": "0",
        "Tag_Draws": "0"
    },
    {
        "Name": "Abigail James",
        "Status": "Active",
        "Division": "2",
        "Nickname": "&amp;quot;The Smokin&amp;apos; Gun&amp;quot;",
        "Location": "Ft. Worth, Texas",
        "Height": "5&#x27;6&amp;quot;",
        "Weight": "125 lbs.",
        "DOB": "1996-09-30",
        "Alignment": "Heel",
        "Music": "\u201c2 Hot 2 Touch\u201d by DJ Slam",
        "Faction": "",
        "Manager": "",
        "Moves": "Gun Smoke (Rebound superkick)|Trigger Pull (A rope-hung tornado DDT)|Shot Caller (A springboard reverse DDT from the second rope)|Outlaw\u2019s Edge (Top-rope double stomp onto a bent-over opponent\u2019s back)",
        "Awards": "",
        "Real_Name": "Gail Vogel",
        "Start_Date": "2022-01-06",
        "Salary": "2022: $300000",
        "Wrestling_Styles": "High-Flyer|Striker",
        "Team": "The Hot Shots",
        "Belt": "",
        "Singles_Wins": "0",
        "Singles_Losses": "0",
        "Singles_Draws": "0",
        "Tag_Wins": "1",
        "Tag_Losses": "0",
        "Tag_Draws": "0"
    },
    {
        "Name": "Brenda Marshall",
        "Singles_Wins": "0",
        "Singles_Losses": "0",
        "Singles_Draws": "0",
        "Tag_Wins": "0",
        "Tag_Losses": "0",
        "Tag_Draws": "0",
        "Status": "Active",
        "Division": "2",
        "Nickname": "&quot;The Marshall&quot;",
        "Location": "Cleavland, Ohio",
        "Height": "5'6&quot;",
        "Weight": "128 lbs.",
        "DOB": "1990-06-26",
        "Alignment": "Face",
        "Music": "",
        "Team": "",
        "Faction": "",
        "Manager": "",
        "Moves": "Marshall Law (tombstone piledriver)",
        "Belt": "",
        "Awards": "",
        "Real_Name": "Brenda Marshall",
        "Start_Date": "2022-01-13",
        "Salary": "2022: $300000"
    },
    {
        "Name": "Garrison",
        "Singles_Wins": "0",
        "Singles_Losses": "0",
        "Singles_Draws": "0",
        "Tag_Wins": "0",
        "Tag_Losses": "0",
        "Tag_Draws": "0",
        "Status": "Active",
        "Division": "1",
        "Nickname": "&quot;The Great&quot;",
        "Location": "London, England",
        "Height": "6'2&quot;",
        "Weight": "258 lbs.",
        "DOB": "1988-08-08",
        "Alignment": "Face",
        "Music": "",
        "Team": "",
        "Faction": "",
        "Manager": "",
        "Moves": "Straight To Hell (A gorilla press powerslam)|* Confession (a strait jacket crossface submission hold)",
        "Belt": "",
        "Awards": "BWE World Champion (4x)",
        "Real_Name": "Gary Harris",
        "Start_Date": "2022-01-20",
        "Salary": "2022: $2000000"
    },
    {
        "Name": "Luke Graves",
        "Status": "Active",
        "Division": "1",
        "Nickname": "\u201cThe War Machine\u201d",
        "Location": "Birmingham, England",
        "Height": "6 ft. 3 in.",
        "Weight": "252 lbs.",
        "DOB": "1987-09-01",
        "Alignment": "Heel",
        "Music": "\u201cPray for Death\u201d by Iron Claw",
        "Faction": "The 7th Circle",
        "Manager": "",
        "Moves": "Burial (Jacknife powerbomb)|Seige (Reverse chin lock)",
        "Awards": "RSPW World Champion|RSPW World Hardcore Champion (8x)",
        "Real_Name": "Peter Lucas",
        "Start_Date": "2021-01-20",
        "Salary": "2022: $1500000|2023:$1500000",
        "Wrestling_Styles": "Brawler|Powerhouse|Striker",
        "Team": "The Void",
        "Belt": "",
        "Singles_Wins": "0",
        "Singles_Losses": "1",
        "Singles_Draws": "0",
        "Tag_Wins": "0",
        "Tag_Losses": "1",
        "Tag_Draws": "0"
    },
    {
        "Name": "Vincent Van Ives",
        "Singles_Wins": "0",
        "Singles_Losses": "1",
        "Singles_Draws": "0",
        "Tag_Wins": "0",
        "Tag_Losses": "1",
        "Tag_Draws": "0",
        "Status": "Active",
        "Division": "1",
        "Nickname": "&quot;The Soul Crusher&quot;",
        "Location": "Amsterdam, Netherlands",
        "Height": "6'7&quot;",
        "Weight": "338 lbs.",
        "DOB": "1986-01-12",
        "Alignment": "Heel",
        "Music": "&quot;Pray for Death&quot; by Iron Claw",
        "Team": "The Void",
        "Faction": "The 7th Circle",
        "Manager": "",
        "Moves": "Dust to Dust (a bearhug splash)",
        "Belt": "",
        "Awards": "RSPW World Hardcore Champion (3x)",
        "Real_Name": "Vincent Van Ives",
        "Start_Date": "2021-01-20",
        "Salary": "2022: $500000|2023: $500000"
    },
    {
        "Name": "Adrian Waters",
        "Status": "Active",
        "Division": "1",
        "Nickname": "&amp;amp;quot;Pure Genius&amp;amp;quot;",
        "Location": "New York, New York",
        "Height": "6&amp;#x27;2&amp;amp;quot;",
        "Weight": "225 lbs.",
        "DOB": "1989-09-19",
        "Alignment": "Heel",
        "Music": "&amp;amp;quot;The Perfect Man&amp;amp;quot; by Iron Claw",
        "Faction": "The Master Plan",
        "Manager": "",
        "Moves": "Use Your Head (tombstone piledriver)|The Smart Elbow (Elbow drop from the middle turnbuckle)",
        "Awards": "GCW World Champion (3x)",
        "Real_Name": "Adrian Waters",
        "Start_Date": "2022-02-03",
        "Salary": "2022: $2000000|2023: $2000000",
        "Wrestling_Styles": "Dirty|Technical",
        "Hide_From_Fan_Roster": false,
        "Team": "",
        "Belt": "",
        "Singles_Wins": "1",
        "Singles_Losses": "1",
        "Singles_Draws": "0",
        "Tag_Wins": "0",
        "Tag_Losses": "0",
        "Tag_Draws": "0"
    },
    {
        "Name": "Heather Kent",
        "Singles_Wins": "0",
        "Singles_Losses": "2",
        "Singles_Draws": "0",
        "Tag_Wins": "0",
        "Tag_Losses": "0",
        "Tag_Draws": "0",
        "Status": "Active",
        "Division": "2",
        "Nickname": "",
        "Location": "St. Louis, Missouri",
        "Height": "5'3&quot;",
        "Weight": "128 lbs.",
        "DOB": "1998-04-10",
        "Alignment": "Face",
        "Music": "",
        "Team": "",
        "Faction": "",
        "Manager": "",
        "Moves": "",
        "Belt": "",
        "Awards": "",
        "Real_Name": "Heather Kensington",
        "Start_Date": "2022-02-03",
        "Salary": "2022: $300000"
    },
    {
        "Name": "Samantha Cannon",
        "Singles_Wins": "0",
        "Singles_Losses": "0",
        "Singles_Draws": "0",
        "Tag_Wins": "0",
        "Tag_Losses": "0",
        "Tag_Draws": "0",
        "Status": "Active",
        "Division": "2",
        "Nickname": "",
        "Location": "Savannah, Georgia",
        "Height": "5'3&quot;",
        "Weight": "103 lbs.",
        "DOB": "1995-03-09",
        "Alignment": "Neutral",
        "Music": "&quot;Pray for Deash&quot; by Iron Claw",
        "Team": "Short Fuse",
        "Faction": "",
        "Manager": "",
        "Moves": "Cannon Bomb (Swan Dive)",
        "Belt": "",
        "Awards": "",
        "Real_Name": "Kasandra Lee",
        "Start_Date": "2022-03-10",
        "Salary": "2022: $300000"
    },
    {
        "Name": "Desiree Maxwell",
        "Singles_Wins": "0",
        "Singles_Losses": "0",
        "Singles_Draws": "0",
        "Tag_Wins": "0",
        "Tag_Losses": "0",
        "Tag_Draws": "0",
        "Status": "Active",
        "Division": "2",
        "Nickname": "",
        "Location": "Raleigh, North Carolina",
        "Height": "5'2&quot;",
        "Weight": "99 lbs.",
        "DOB": "1996-11-01",
        "Alignment": "Neutral",
        "Music": "&quot;Pray for Deash&quot; by Iron Claw",
        "Team": "Short Fuse",
        "Faction": "",
        "Manager": "",
        "Moves": "360 Splash",
        "Belt": "",
        "Awards": "",
        "Real_Name": "Desiree Maxwell",
        "Start_Date": "2022-03-10",
        "Salary": "2022: $300000"
    },
    {
        "Name": "Manuel Espinoza",
        "Singles_Wins": "0",
        "Singles_Losses": "0",
        "Singles_Draws": "0",
        "Tag_Wins": "0",
        "Tag_Losses": "0",
        "Tag_Draws": "0",
        "Status": "Active",
        "Division": "0",
        "Nickname": "",
        "Location": "Mexico City, Mexico",
        "Height": "5'11&quot;",
        "Weight": "195 lbs.",
        "DOB": "1994-06-08",
        "Alignment": "Heel",
        "Music": "&quot;Pray for Death&quot; by Iron Claw",
        "Team": "The Lucha Cartel",
        "Faction": "",
        "Manager": "",
        "Moves": "",
        "Belt": "",
        "Awards": "",
        "Real_Name": "Undisclosed",
        "Start_Date": "2022-03-17",
        "Salary": "2022: $300000"
    },
    {
        "Name": "Porfirio Rosario",
        "Singles_Wins": "0",
        "Singles_Losses": "0",
        "Singles_Draws": "0",
        "Tag_Wins": "0",
        "Tag_Losses": "0",
        "Tag_Draws": "0",
        "Status": "Active",
        "Division": "0",
        "Nickname": "",
        "Location": "Mexico City, Mexico",
        "Height": "5'10&quot;",
        "Weight": "192 lbs.",
        "DOB": "1993-06-17",
        "Alignment": "Heel",
        "Music": "&quot;Pray for Death&quot; by Iron Claw",
        "Team": "The Lucha Cartel",
        "Faction": "",
        "Manager": "",
        "Moves": "",
        "Belt": "",
        "Awards": "",
        "Real_Name": "Undisclosed",
        "Start_Date": "2022-03-17",
        "Salary": "2022: $300000"
    },
    {
        "Name": "Andrew Chambers",
        "Status": "Active",
        "Division": "1",
        "Nickname": "",
        "Location": "London, England",
        "Height": "6 ft. 1 in.",
        "Weight": "220 lbs.",
        "DOB": "1998-04-01",
        "Alignment": "Babyface",
        "Music": "",
        "Faction": "",
        "Manager": "Alexi Chambers",
        "Moves": "",
        "Awards": "",
        "Real_Name": "Andrew Chambers",
        "Start_Date": "2022-03-19",
        "Salary": "2022: $300000",
        "Wrestling_Styles": "Brawler|Technical",
        "Team": "",
        "Belt": "",
        "Singles_Wins": "0",
        "Singles_Losses": "0",
        "Singles_Draws": "0",
        "Tag_Wins": "0",
        "Tag_Losses": "0",
        "Tag_Draws": "0"
    },
    {
        "Name": "Troy Stone",
        "Singles_Wins": "0",
        "Singles_Losses": "0",
        "Singles_Draws": "0",
        "Tag_Wins": "0",
        "Tag_Losses": "0",
        "Tag_Draws": "0",
        "Status": "Active",
        "Division": "1",
        "Nickname": "",
        "Location": "Perth, Australia",
        "Height": "6\u20192&quot;",
        "Weight": "232 lbs.",
        "DOB": "1994-05-01",
        "Alignment": "Heel",
        "Music": "&quot;The Hunt is On&quot; by Iron Claw",
        "Team": "Apex Predators",
        "Faction": "",
        "Manager": "Evander Flagg",
        "Moves": "End of the Line (A modified crossface)",
        "Belt": "",
        "Awards": "",
        "Real_Name": "Troy Young",
        "Start_Date": "2022-04-07",
        "Salary": "2022: $400000"
    },
    {
        "Name": "Reed Cutter",
        "Singles_Wins": "0",
        "Singles_Losses": "0",
        "Singles_Draws": "0",
        "Tag_Wins": "0",
        "Tag_Losses": "0",
        "Tag_Draws": "0",
        "Status": "Active",
        "Division": "1",
        "Nickname": "",
        "Location": "Perth, Australia",
        "Height": "6\u20190&quot;",
        "Weight": "228 lbs.",
        "DOB": "1995-10-04",
        "Alignment": "Heel",
        "Music": "&quot;The Hunt is On&quot; by Iron Claw",
        "Team": "Apex Predators",
        "Faction": "",
        "Manager": "Evander Flagg",
        "Moves": "Rogue's Spear (A devastating spear)",
        "Belt": "",
        "Awards": "",
        "Real_Name": "Kyle Greenley",
        "Start_Date": "2022-04-07",
        "Salary": "2022: $400000"
    },
    {
        "Name": "Buck Ford",
        "Singles_Wins": "0",
        "Singles_Losses": "0",
        "Singles_Draws": "0",
        "Tag_Wins": "0",
        "Tag_Losses": "0",
        "Tag_Draws": "0",
        "Status": "Active",
        "Division": "1",
        "Nickname": "",
        "Location": "Waycross, Georgia",
        "Height": "6\u20193&quot;",
        "Weight": "251 lbs.",
        "DOB": "1990-06-22",
        "Alignment": "Neutral",
        "Music": "&quot;Kick it in the Sticks&quot; by Brantley Gilbert",
        "Team": "Rough Riders",
        "Faction": "",
        "Manager": "",
        "Moves": "Waycross Stampede (running powerslam)|Grit Grinder (swinging neckbreaker)",
        "Belt": "",
        "Awards": "",
        "Real_Name": "Charlie Stanford",
        "Start_Date": "2022-04-07",
        "Salary": "2022: $1000000|2023: $1000000"
    },
    {
        "Name": "Boon Ford",
        "Singles_Wins": "0",
        "Singles_Losses": "0",
        "Singles_Draws": "0",
        "Tag_Wins": "0",
        "Tag_Losses": "0",
        "Tag_Draws": "0",
        "Status": "Active",
        "Division": "1",
        "Nickname": "",
        "Location": "Waycross, Georgia",
        "Height": "6\u20194&quot;",
        "Weight": "266 lbs.",
        "DOB": "1992-02-23",
        "Alignment": "Neutral",
        "Music": "&quot;Kick it in the Sticks&quot; by Brantley Gilbert",
        "Team": "Rough Riders",
        "Faction": "",
        "Manager": "",
        "Moves": "Southern Slam (spinebuster|Hit\u2019N\u2019Run (Running lariat)|Grit Grinder (swinging neck breaker)",
        "Belt": "",
        "Awards": "",
        "Real_Name": "Shawn Stanford",
        "Start_Date": "2022-04-07",
        "Salary": "2022: $1000000|2023: $1000000"
    },
    {
        "Name": "Jack Preston",
        "Singles_Wins": "0",
        "Singles_Losses": "0",
        "Singles_Draws": "0",
        "Tag_Wins": "0",
        "Tag_Losses": "0",
        "Tag_Draws": "0",
        "Status": "Active",
        "Division": "1",
        "Nickname": "&quot;Iron&quot;",
        "Location": "Manchester, England",
        "Height": "6\u20191&quot;",
        "Weight": "241 lbs.",
        "DOB": "1987-07-12",
        "Alignment": "Face",
        "Music": "&quot;The Trooper&quot; by Iron Maiden",
        "Team": "",
        "Faction": "",
        "Manager": "",
        "Moves": "Iron Hammer (Running Forearm Smash)|Tower Bridge Suplex (Delayed Vertical Suplex)|Preston Lock (Fujiwara Armbar)  ",
        "Belt": "",
        "Awards": "BWE World Champion (6x)",
        "Real_Name": "Jonathan Preston",
        "Start_Date": "2022-04-18",
        "Salary": "2022: $2000000|2023: $2000000|2024: $2000000"
    },
    {
        "Name": "Edmund Crowley",
        "Singles_Wins": "0",
        "Singles_Losses": "0",
        "Singles_Draws": "0",
        "Tag_Wins": "0",
        "Tag_Losses": "0",
        "Tag_Draws": "0",
        "Status": "Active",
        "Division": "1",
        "Nickname": "",
        "Location": "London, England",
        "Height": "6\u20190&quot;",
        "Weight": "225 lbs.",
        "DOB": "1982-05-22",
        "Alignment": "Heel",
        "Music": "&quot;Am I Evil?&quot; by Diamondhead",
        "Team": "",
        "Faction": "",
        "Manager": "",
        "Moves": "Crowley's Clutch (Cravate Submission)|King's Justice (European Uppercut Barrage",
        "Belt": "",
        "Awards": "BWE World Champion (2x)",
        "Real_Name": "Edward Singleton",
        "Start_Date": "2022-04-18",
        "Salary": "2022: $750000|2023: $750000"
    },
    {
        "Name": "Hugo Royce",
        "Singles_Wins": "0",
        "Singles_Losses": "0",
        "Singles_Draws": "0",
        "Tag_Wins": "0",
        "Tag_Losses": "0",
        "Tag_Draws": "0",
        "Status": "Active",
        "Division": "1",
        "Nickname": "&quot;The Titan&quot;",
        "Location": "Glasgow, Scotland  ",
        "Height": "6\u20197&quot;",
        "Weight": "294 lbs.",
        "DOB": "1990-09-20",
        "Alignment": "Heel",
        "Music": "",
        "Team": "Imperial Warpath",
        "Faction": "",
        "Manager": "",
        "Moves": "Titan's Wrath (Powerbomb)|Highland Hammer (Running Forearm Smash)|Wreckage (Pop-Up Spinebuster)",
        "Belt": "",
        "Awards": "",
        "Real_Name": "Henry Donaldson",
        "Start_Date": "2022-04-18",
        "Salary": "2022: $500000|2023: $500000"
    },
    {
        "Name": "Dominic Black",
        "Singles_Wins": "0",
        "Singles_Losses": "0",
        "Singles_Draws": "0",
        "Tag_Wins": "0",
        "Tag_Losses": "0",
        "Tag_Draws": "0",
        "Status": "Active",
        "Division": "1",
        "Nickname": "&quot;The Tank&quot;",
        "Location": "Belfast, Northern Ireland  ",
        "Height": "6\u20195&quot;",
        "Weight": "277 lbs.",
        "DOB": "1987-05-28",
        "Alignment": "Heel",
        "Music": "",
        "Team": "Imperial Warpath",
        "Faction": "",
        "Manager": "",
        "Moves": "Blitzkrieg (Running powerbomb)|Warcry (Spear)",
        "Belt": "",
        "Awards": "",
        "Real_Name": "Dominic Bloch",
        "Start_Date": "2022-04-18",
        "Salary": "2022: $500000|2023: $500000"
    },
    {
        "Name": "Victoria Steele",
        "Singles_Wins": "0",
        "Singles_Losses": "0",
        "Singles_Draws": "0",
        "Tag_Wins": "0",
        "Tag_Losses": "0",
        "Tag_Draws": "0",
        "Status": "Active",
        "Division": "2",
        "Nickname": "&quot;Lioness&quot;",
        "Location": "London, England",
        "Height": "5\u20198&quot;",
        "Weight": "152 lbs.",
        "DOB": "1989-06-25",
        "Alignment": "Face",
        "Music": "&quot;Heart of Steel&quot; by DJ Slam",
        "Team": "",
        "Faction": "",
        "Manager": "",
        "Moves": "Lioness Roar (Running Big Boot)|Steel Trap (Sharpshooter)|Iron Grip (standing guillotine choke)",
        "Belt": "",
        "Awards": "BWE Women\u2019s World Champion (2x)",
        "Real_Name": "Victoria Steele",
        "Start_Date": "2022-04-18",
        "Salary": "2022: $350000|2023: $350000|2024: $350000"
    },
    {
        "Name": "Ingrid Thorburn",
        "Singles_Wins": "0",
        "Singles_Losses": "0",
        "Singles_Draws": "0",
        "Tag_Wins": "0",
        "Tag_Losses": "0",
        "Tag_Draws": "0",
        "Status": "Active",
        "Division": "2",
        "Nickname": "&quot;The Valkyrie&quot;",
        "Location": "Stockholm, Sweden",
        "Height": "5\u201910&quot;",
        "Weight": "170 lbs.",
        "DOB": "1994-10-30",
        "Alignment": "Face",
        "Music": "",
        "Team": "",
        "Faction": "",
        "Manager": "",
        "Moves": "Valkyrie's Wrath (Military Press Slam)|Norse Hammer (Spinning Side Slam)",
        "Belt": "",
        "Awards": "BWE Women\u2019s World Champion",
        "Real_Name": "Ingrid Thorburn",
        "Start_Date": "2022-04-18",
        "Salary": "2022: $350000|2023: $350000|2024: $350000"
    },
    {
        "Name": "Brianna Caldwell",
        "Singles_Wins": "0",
        "Singles_Losses": "0",
        "Singles_Draws": "0",
        "Tag_Wins": "0",
        "Tag_Losses": "0",
        "Tag_Draws": "0",
        "Status": "Active",
        "Division": "2",
        "Nickname": "&quot;Bulletproof&quot;",
        "Location": "Philadelphia, Pennsylvania",
        "Height": "5\u20195&quot;",
        "Weight": "138 lbs.",
        "DOB": "1993-07-09",
        "Alignment": "Neutral",
        "Music": "",
        "Team": "Wreckless Ambition",
        "Faction": "",
        "Manager": "",
        "Moves": "Bullet Barrage (Rapid Forearm Strikes)|Lock 'n' Load (Spinning Neckbreaker)",
        "Belt": "",
        "Awards": "",
        "Real_Name": "Brianna Caldwell",
        "Start_Date": "2022-04-18",
        "Salary": "2022: $300000"
    },
    {
        "Name": "Cassidy Quinn",
        "Singles_Wins": "0",
        "Singles_Losses": "0",
        "Singles_Draws": "0",
        "Tag_Wins": "0",
        "Tag_Losses": "0",
        "Tag_Draws": "0",
        "Status": "Active",
        "Division": "2",
        "Nickname": "&quot;The Rogue&quot;",
        "Location": "Chicago, Illinois",
        "Height": "5\u20196&quot;",
        "Weight": "140 lbs.",
        "DOB": "1993-11-29",
        "Alignment": "Neutral",
        "Music": "",
        "Team": "Wreckless Ambition",
        "Faction": "",
        "Manager": "",
        "Moves": "Street Cleaner (Michinoku Driver)|Rogue Smash (Spinning back fist)",
        "Belt": "",
        "Awards": "",
        "Real_Name": "Casandra Quinn",
        "Start_Date": "2022-04-18",
        "Salary": "2022: $300000"
    },
    {
        "Name": "Olivia Winters",
        "Singles_Wins": "0",
        "Singles_Losses": "0",
        "Singles_Draws": "0",
        "Tag_Wins": "0",
        "Tag_Losses": "0",
        "Tag_Draws": "0",
        "Status": "Inactive",
        "Division": "2",
        "Nickname": "&quot;Cold Bitch&quot;",
        "Location": "Minneapolis, Minnesota",
        "Height": "5\u20197&quot;",
        "Weight": "147 lbs.",
        "DOB": "1989-01-18",
        "Alignment": "Neutral",
        "Music": "&quot;Ice Queen&quot; by Iron Claw",
        "Team": "",
        "Faction": "",
        "Manager": "",
        "Moves": "Frostbite (Step-Up Enzuigiri)|Cold Shoulder (Running Forearm Smash)|Ice Lock (Modified Crossface)",
        "Belt": "",
        "Awards": "BWE Women\u2019s World Champion (3x)",
        "Real_Name": "Leah Monroe",
        "Start_Date": "2022-04-18",
        "Salary": "2022: $500000|2023: $500000|2024: $500000"
    },
    {
        "Name": "Danny Whitlock",
        "Singles_Wins": "0",
        "Singles_Losses": "0",
        "Singles_Draws": "0",
        "Tag_Wins": "0",
        "Tag_Losses": "0",
        "Tag_Draws": "0",
        "Status": "Active",
        "Division": "1",
        "Nickname": "",
        "Location": "Phoenix, Arizona",
        "Height": "5\u201910&quot;",
        "Weight": "205 lbs.",
        "DOB": "1995-03-03",
        "Alignment": "Face",
        "Music": "",
        "Team": "",
        "Faction": "",
        "Manager": "",
        "Moves": "Blazing Star (Springboard DDT)",
        "Belt": "",
        "Awards": "",
        "Real_Name": "Daniel Whitlock",
        "Start_Date": "2022-04-25",
        "Salary": "2022: $300000"
    },
    {
        "Name": "Kaito Tanaka",
        "Singles_Wins": "0",
        "Singles_Losses": "0",
        "Singles_Draws": "0",
        "Tag_Wins": "0",
        "Tag_Losses": "0",
        "Tag_Draws": "0",
        "Status": "Active",
        "Division": "1",
        "Nickname": "&quot;Lightning&quot;",
        "Location": "Tokyo, Japan",
        "Height": "5\u20199&quot;",
        "Weight": "194 lbs.",
        "DOB": "1998-11-14",
        "Alignment": "Face",
        "Music": "",
        "Team": "",
        "Faction": "",
        "Manager": "",
        "Moves": "Lightning Strike (Shining Wizard)|Thunder Cutter (Springboard Cutter)|Tanaka Driver (Tiger Driver)",
        "Belt": "",
        "Awards": "",
        "Real_Name": "Kaito Tanaka",
        "Start_Date": "2022-04-25",
        "Salary": "2022: $300000"
    },
    {
        "Name": "Tyler Vaughn",
        "Singles_Wins": "0",
        "Singles_Losses": "0",
        "Singles_Draws": "0",
        "Tag_Wins": "0",
        "Tag_Losses": "0",
        "Tag_Draws": "0",
        "Status": "Active",
        "Division": "1",
        "Nickname": "&quot;The Viper&quot;",
        "Location": "Baton Rouge, Louisiana",
        "Height": "6\u20191&quot;",
        "Weight": "228 lbs.",
        "DOB": "1993-03-30",
        "Alignment": "Neutral",
        "Music": "&quot;Slither&quot; by Iron Claw",
        "Team": "",
        "Faction": "",
        "Manager": "",
        "Moves": "Snake Bite (Jumping Knee Strike)|Viper's Coil (Modified Cobra Clutch)",
        "Belt": "",
        "Awards": "",
        "Real_Name": "Tyler Vogel",
        "Start_Date": "2022-04-25",
        "Salary": "2022: $300000"
    },
    {
        "Name": "Logan Drake",
        "Singles_Wins": "0",
        "Singles_Losses": "0",
        "Singles_Draws": "0",
        "Tag_Wins": "0",
        "Tag_Losses": "0",
        "Tag_Draws": "0",
        "Status": "Active",
        "Division": "1",
        "Nickname": "&quot;Bad Vibes&quot;",
        "Location": "Detroit, Michigan",
        "Height": "6\u20194&quot;",
        "Weight": "266 lbs.",
        "DOB": "1989-01-14",
        "Alignment": "Heel",
        "Music": "&quot;Bad Intentions&quot; by Iron Claw",
        "Team": "",
        "Faction": "",
        "Manager": "Evelyn Drake",
        "Moves": "Concrete Slam (Sidewalk slam)",
        "Belt": "",
        "Awards": "",
        "Real_Name": "Logan Carter",
        "Start_Date": "2022-04-25",
        "Salary": "2022: $300000"
    },
    {
        "Name": "Javier Reyes",
        "Singles_Wins": "0",
        "Singles_Losses": "0",
        "Singles_Draws": "0",
        "Tag_Wins": "0",
        "Tag_Losses": "0",
        "Tag_Draws": "0",
        "Status": "Active",
        "Division": "1",
        "Nickname": "&quot;El Toro&quot;",
        "Location": "Mexico City, Mexico",
        "Height": "5\u201910&quot;",
        "Weight": "200 lbs.",
        "DOB": "1994-09-21",
        "Alignment": "Face",
        "Music": "",
        "Team": "",
        "Faction": "",
        "Manager": "",
        "Moves": "Bull's Charge (Running Cannonball)|Tornado DDT|Matador Splash (Springboard Frog Splash)",
        "Belt": "",
        "Awards": "",
        "Real_Name": "Undisclosed",
        "Start_Date": "2022-04-25",
        "Salary": "2022: $300000"
    },
    {
        "Name": "Brandon Rivers",
        "Singles_Wins": "0",
        "Singles_Losses": "0",
        "Singles_Draws": "0",
        "Tag_Wins": "0",
        "Tag_Losses": "0",
        "Tag_Draws": "0",
        "Status": "Active",
        "Division": "1",
        "Nickname": "&quot;The Oncoming Storm&quot;",
        "Location": "Seattle, Washington",
        "Height": "6\u20192&quot;",
        "Weight": "234 lbs.",
        "DOB": "1990-04-15",
        "Alignment": "Face",
        "Music": "&quot;Oncoming Storm&quot; by DJ Slam",
        "Team": "",
        "Faction": "",
        "Manager": "",
        "Moves": "Thunder Strike (Superkick)|Pacific Lock (Modified Ankle Lock)|Eye of the Storm (Tornado DDT)",
        "Belt": "",
        "Awards": "",
        "Real_Name": "Brandon Rivers",
        "Start_Date": "2022-04-25",
        "Salary": "2022: $300000"
    },
    {
        "Name": "Naomi Tanaka",
        "Singles_Wins": "0",
        "Singles_Losses": "1",
        "Singles_Draws": "0",
        "Tag_Wins": "0",
        "Tag_Losses": "0",
        "Tag_Draws": "0",
        "Status": "Active",
        "Division": "2",
        "Nickname": "&quot;Skyfire&quot;",
        "Location": "Tokyo, Japan",
        "Height": "5\u20194&quot;",
        "Weight": "125 lbs.",
        "DOB": "1996-09-12",
        "Alignment": "Face",
        "Music": "",
        "Team": "",
        "Faction": "",
        "Manager": "",
        "Moves": "Skyfire Splash (Top rope moonsault)|Tanaka Lock (Cross Armbreaker)|Tanaka Cutter (springboard cutter)",
        "Belt": "",
        "Awards": "",
        "Real_Name": "Naomi Tanaka",
        "Start_Date": "2022-04-25",
        "Salary": "2022: $300000"
    },
    {
        "Name": "Evelyn Drake",
        "Singles_Wins": "1",
        "Singles_Losses": "0",
        "Singles_Draws": "0",
        "Tag_Wins": "0",
        "Tag_Losses": "0",
        "Tag_Draws": "0",
        "Status": "Active",
        "Division": "2",
        "Nickname": "&quot;Mistress of Darkness&quot;",
        "Location": "New Orleans, Louisiana",
        "Height": "5\u20197&quot;",
        "Weight": "141 lbs.",
        "DOB": "1994-08-09",
        "Alignment": "Heel",
        "Music": "&quot;Under My Spell&quot; by Iron Claw",
        "Team": "",
        "Faction": "",
        "Manager": "Logan Drake",
        "Moves": "Voodoo (Guillotine)|Darkness Falls (Sleeper)",
        "Belt": "",
        "Awards": "",
        "Real_Name": "Eve Bernard-Carter",
        "Start_Date": "2022-04-25",
        "Salary": "2022: $300000"
    },
    {
        "Name": "Lenny Dennis",
        "Status": "Active",
        "Division": "5",
        "Nickname": "",
        "Location": "Wheeling, WV",
        "Height": "6&#x27;1&quot;",
        "Weight": "212 lbs.",
        "DOB": "1997-05-22",
        "Alignment": "Tweener",
        "Music": "",
        "Faction": "",
        "Manager": "",
        "Moves": "",
        "Awards": "",
        "Real_Name": "Lenny Dennis",
        "Start_Date": "2021-04-22",
        "Salary": "",
        "Team": "",
        "Belt": "",
        "Singles_Wins": "0",
        "Singles_Losses": "2",
        "Singles_Draws": "0",
        "Tag_Wins": "0",
        "Tag_Losses": "0",
        "Tag_Draws": "0"
    },
    {
        "Name": "Don Real",
        "Status": "Active",
        "Division": "5",
        "Nickname": "",
        "Location": "Philadelphia, PA",
        "Height": "5&#x27;9&quot;",
        "Weight": "188 lbs.",
        "DOB": "1997-04-09",
        "Alignment": "Tweener",
        "Music": "",
        "Faction": "",
        "Manager": "",
        "Moves": "",
        "Awards": "",
        "Real_Name": "Donald Real",
        "Start_Date": "2021-04-22",
        "Salary": "",
        "Team": "",
        "Belt": "",
        "Singles_Wins": "0",
        "Singles_Losses": "3",
        "Singles_Draws": "0",
        "Tag_Wins": "0",
        "Tag_Losses": "0",
        "Tag_Draws": "0"
    },
    {
        "Name": "Tom Ham",
        "Status": "Active",
        "Division": "5",
        "Nickname": "",
        "Location": "Lincoln, NE",
        "Height": "5&#x27;8&quot;",
        "Weight": "266 lbs.",
        "DOB": "2000-11-09",
        "Alignment": "Heel",
        "Music": "",
        "Faction": "",
        "Manager": "",
        "Moves": "",
        "Awards": "",
        "Real_Name": "Thomas Ham",
        "Start_Date": "2021-04-22",
        "Salary": "",
        "Team": "",
        "Belt": "",
        "Singles_Wins": "0",
        "Singles_Losses": "1",
        "Singles_Draws": "0",
        "Tag_Wins": "0",
        "Tag_Losses": "0",
        "Tag_Draws": "0"
    },
    {
        "Name": "Chris Baer",
        "Status": "Active",
        "Division": "5",
        "Nickname": "",
        "Location": "Salt Lake City, UT",
        "Height": "5&#x27;9&quot;",
        "Weight": "191 lbs.",
        "DOB": "1998-01-27",
        "Alignment": "Heel",
        "Music": "",
        "Faction": "",
        "Manager": "",
        "Moves": "",
        "Awards": "",
        "Real_Name": "Chris Baer",
        "Start_Date": "2021-04-22",
        "Salary": "",
        "Team": "Da Bad News Baers",
        "Belt": "",
        "Singles_Wins": "0",
        "Singles_Losses": "0",
        "Singles_Draws": "0",
        "Tag_Wins": "0",
        "Tag_Losses": "0",
        "Tag_Draws": "0"
    },
    {
        "Name": "Eric Baer",
        "Status": "Active",
        "Division": "5",
        "Nickname": "",
        "Location": "Salt Lake City, UT",
        "Height": "6&#x27;1&quot;",
        "Weight": "208 lbs.",
        "DOB": "1996-02-06",
        "Alignment": "Heel",
        "Music": "",
        "Faction": "",
        "Manager": "",
        "Moves": "",
        "Awards": "",
        "Real_Name": "Eric Baer",
        "Start_Date": "2021-04-22",
        "Salary": "",
        "Team": "Da Bad News Baers",
        "Belt": "",
        "Singles_Wins": "0",
        "Singles_Losses": "0",
        "Singles_Draws": "0",
        "Tag_Wins": "0",
        "Tag_Losses": "0",
        "Tag_Draws": "0"
    },
    {
        "Name": "Amy D",
        "Status": "Active",
        "Division": "6",
        "Nickname": "",
        "Location": "Los Angeles, CA",
        "Height": "5&#x27;6&quot;",
        "Weight": "145 lbs.",
        "DOB": "2000-12-15",
        "Alignment": "Tweener",
        "Music": "",
        "Faction": "",
        "Manager": "",
        "Moves": "",
        "Awards": "",
        "Real_Name": "Amy Demarco",
        "Start_Date": "2021-04-22",
        "Salary": "",
        "Team": "",
        "Belt": "",
        "Singles_Wins": "0",
        "Singles_Losses": "3",
        "Singles_Draws": "0",
        "Tag_Wins": "0",
        "Tag_Losses": "0",
        "Tag_Draws": "0"
    },
    {
        "Name": "Cora Quinn",
        "Status": "Active",
        "Division": "6",
        "Nickname": "",
        "Location": "Atlanta, Georgia",
        "Height": "5&#x27;7&quot;",
        "Weight": "147 lbs.",
        "DOB": "1988-04-06",
        "Alignment": "Tweener",
        "Music": "",
        "Faction": "",
        "Manager": "",
        "Moves": "",
        "Awards": "",
        "Real_Name": "Cora Quinn",
        "Start_Date": "2021-04-29",
        "Salary": "",
        "Team": "",
        "Belt": "",
        "Singles_Wins": "0",
        "Singles_Losses": "1",
        "Singles_Draws": "0",
        "Tag_Wins": "0",
        "Tag_Losses": "0",
        "Tag_Draws": "0"
    },
    {
        "Name": "Bill Long",
        "Status": "Active",
        "Division": "5",
        "Nickname": "",
        "Location": "Hartford, Conneticut",
        "Height": "5&#x27;8&quot;",
        "Weight": "195 lbs.",
        "DOB": "2000-08-14",
        "Alignment": "Tweener",
        "Music": "",
        "Faction": "",
        "Manager": "",
        "Moves": "",
        "Awards": "",
        "Real_Name": "William Long",
        "Start_Date": "2021-04-29",
        "Salary": "",
        "Team": "",
        "Belt": "",
        "Singles_Wins": "0",
        "Singles_Losses": "2",
        "Singles_Draws": "0",
        "Tag_Wins": "0",
        "Tag_Losses": "0",
        "Tag_Draws": "0"
    },
    {
        "Name": "Erika Lewis",
        "Status": "Active",
        "Division": "6",
        "Nickname": "",
        "Location": "Buffalo, New York",
        "Height": "5&#x27;4&quot;",
        "Weight": "132 lbs.",
        "DOB": "1996-04-18",
        "Alignment": "Tweener",
        "Music": "",
        "Faction": "",
        "Manager": "",
        "Moves": "",
        "Awards": "",
        "Real_Name": "Erika Lewis",
        "Start_Date": "2021-05-06",
        "Salary": "",
        "Team": "",
        "Belt": "",
        "Singles_Wins": "0",
        "Singles_Losses": "0",
        "Singles_Draws": "0",
        "Tag_Wins": "0",
        "Tag_Losses": "0",
        "Tag_Draws": "0"
    },
    {
        "Name": "Marie Ross",
        "Status": "Active",
        "Division": "6",
        "Nickname": "",
        "Location": "Alexandria, Virginia",
        "Height": "5&#x27;2&quot;",
        "Weight": "107 lbs.",
        "DOB": "1998-10-17",
        "Alignment": "Babyface",
        "Music": "",
        "Faction": "",
        "Manager": "",
        "Moves": "",
        "Awards": "",
        "Real_Name": "Marie Ross",
        "Start_Date": "2021-05-06",
        "Salary": "",
        "Team": "",
        "Belt": "",
        "Singles_Wins": "0",
        "Singles_Losses": "1",
        "Singles_Draws": "0",
        "Tag_Wins": "0",
        "Tag_Losses": "0",
        "Tag_Draws": "0"
    },
    {
        "Name": "Noel Jackson",
        "Status": "Active",
        "Division": "5",
        "Nickname": "",
        "Location": "Talahassee, Florida",
        "Height": "5&#x27;8&quot;",
        "Weight": "175 lbs.",
        "DOB": "2001-02-26",
        "Alignment": "Tweener",
        "Music": "",
        "Faction": "",
        "Manager": "",
        "Moves": "",
        "Awards": "",
        "Real_Name": "Noel Jackson",
        "Start_Date": "2021-05-06",
        "Salary": "",
        "Team": "",
        "Belt": "",
        "Singles_Wins": "0",
        "Singles_Losses": "1",
        "Singles_Draws": "0",
        "Tag_Wins": "0",
        "Tag_Losses": "0",
        "Tag_Draws": "0"
    },
    {
        "Name": "Mackenzie Henson",
        "Status": "Active",
        "Division": "6",
        "Nickname": "",
        "Location": "Seattle, WA, USA",
        "Height": "5&#x27;4&quot;",
        "Weight": "111 lbs.",
        "DOB": "2002-09-04",
        "Alignment": "Babyface",
        "Music": "",
        "Faction": "",
        "Manager": "",
        "Moves": "",
        "Awards": "",
        "Real_Name": "Mackenzie Henson",
        "Start_Date": "2021-05-13",
        "Salary": "",
        "Team": "",
        "Belt": "",
        "Singles_Wins": "0",
        "Singles_Losses": "1",
        "Singles_Draws": "0",
        "Tag_Wins": "0",
        "Tag_Losses": "0",
        "Tag_Draws": "0"
    },
    {
        "Name": "Crusher #1",
        "Status": "Active",
        "Division": "5",
        "Nickname": "",
        "Location": "Undisclosed",
        "Height": "6&quot;0&quot;",
        "Weight": "214 lbs.",
        "DOB": "1989-07-11",
        "Alignment": "Tweener",
        "Music": "",
        "Faction": "",
        "Manager": "",
        "Moves": "",
        "Awards": "",
        "Real_Name": "Undisclosed",
        "Start_Date": "2021-05-13",
        "Salary": "",
        "Team": "The Masked Crushers",
        "Belt": "",
        "Singles_Wins": "0",
        "Singles_Losses": "0",
        "Singles_Draws": "0",
        "Tag_Wins": "0",
        "Tag_Losses": "0",
        "Tag_Draws": "2"
    },
    {
        "Name": "Crusher #2",
        "Status": "Active",
        "Division": "5",
        "Nickname": "",
        "Location": "Undisclosed",
        "Height": "6&#x27;0&quot;",
        "Weight": "205 lbs.",
        "DOB": "1990-01-30",
        "Alignment": "Tweener",
        "Music": "",
        "Faction": "",
        "Manager": "",
        "Moves": "",
        "Awards": "",
        "Real_Name": "Undisclosed",
        "Start_Date": "2021-05-13",
        "Salary": "",
        "Team": "The Masked Crushers",
        "Belt": "",
        "Singles_Wins": "0",
        "Singles_Losses": "0",
        "Singles_Draws": "0",
        "Tag_Wins": "0",
        "Tag_Losses": "0",
        "Tag_Draws": "2"
    }
]